Product,Location,Period,Forecast,PurchasingGroupName,,
KAKARO,BEEX,1/1/2026,0,Nat. Rubbers,,
KAKARO,DEH1,1/1/2026,0,Nat. Rubbers,,
KAKARO,DEW1,1/1/2026,24166,Nat. Rubbers,,
KAKARO,DEW1,2/1/2026,38983,Nat. Rubbers,,
KAKARO,DEW1,3/1/2026,34230,Nat. Rubbers,,
KAKARO,DEW1,4/1/2026,29320,Nat. Rubbers,,
KAKARO,DEW1,5/1/2026,26124,Nat. Rubbers,,
KAKARO,DEW1,6/1/2026,24769,Nat. Rubbers,,
KAKARO,DEW1,7/1/2026,21445,Nat. Rubbers,,
KAKARO,DEW1,8/1/2026,15808,Nat. Rubbers,,
KAKARO,DEW1,9/1/2026,23557,Nat. Rubbers,,
KAKARO,DEW1,10/1/2026,19402,Nat. Rubbers,,
KAKARO,DEW1,11/1/2026,22659,Nat. Rubbers,,
KAKARO,DEW1,12/1/2026,12000,Nat. Rubbers,,
KAKARO,DEW1,1/1/2027,8094,Nat. Rubbers,,
KAKARO,FRM1,1/1/2026,15329,Nat. Rubbers,,
KAKARO,FRM1,2/1/2026,19338,Nat. Rubbers,,
KAKARO,FRM1,3/1/2026,21181,Nat. Rubbers,,
KAKARO,FRM1,4/1/2026,20812,Nat. Rubbers,,
KAKARO,FRM1,5/1/2026,18973,Nat. Rubbers,,
KAKARO,FRM1,6/1/2026,29599,Nat. Rubbers,,
KAKARO,FRM1,7/1/2026,20478,Nat. Rubbers,,
KAKARO,FRM1,8/1/2026,28282,Nat. Rubbers,,
KAKARO,FRM1,9/1/2026,19574,Nat. Rubbers,,
KAKARO,FRM1,10/1/2026,24491,Nat. Rubbers,,
KAKARO,FRM1,11/1/2026,21546,Nat. Rubbers,,
KAKARO,FRM1,12/1/2026,15706,Nat. Rubbers,,
KAKARO,LUEX,1/1/2026,18236,Nat. Rubbers,,
KAKARO,LUEX,2/1/2026,7270,Nat. Rubbers,,
KAKARO,LUEX,3/1/2026,15214,Nat. Rubbers,,
KAKARO,LUEX,4/1/2026,25037,Nat. Rubbers,,
KAKARO,LUEX,5/1/2026,25933,Nat. Rubbers,,
KAKARO,LUEX,6/1/2026,28469,Nat. Rubbers,,
KAKARO,LUEX,7/1/2026,32980,Nat. Rubbers,,
KAKARO,LUEX,8/1/2026,22600,Nat. Rubbers,,
KAKARO,LUEX,9/1/2026,38024,Nat. Rubbers,,
KAKARO,LUEX,10/1/2026,43699,Nat. Rubbers,,
KAKARO,LUEX,11/1/2026,34420,Nat. Rubbers,,
KAKARO,LUEX,12/1/2026,25259,Nat. Rubbers,,
KAKARO,LUEX,1/1/2027,31553,Nat. Rubbers,,
KAKARO,PLPL,1/1/2026,0,Nat. Rubbers,,
KAKARO,SIS1,1/1/2026,0,Nat. Rubbers,,
KAKARO,TRTU,1/1/2026,0,Nat. Rubbers,,
KAKARO,TRTU,2/1/2026,0,Nat. Rubbers,,
KAKARO,TRTU,3/1/2026,0,Nat. Rubbers,,
KAKARO,TRTU,4/1/2026,0,Nat. Rubbers,,
KAKARO,TRTU,8/1/2026,66408,Nat. Rubbers,,
KAKARO,TRTU,9/1/2026,74440,Nat. Rubbers,,
KAKARO,TRTU,10/1/2026,65444,Nat. Rubbers,,
KAKARO,TRTU,11/1/2026,40200,Nat. Rubbers,,
KAKARO,TRTU,12/1/2026,50359,Nat. Rubbers,,
KAKARO,TRTU,1/1/2027,47065,Nat. Rubbers,,
KAKARO,TRTZ,1/1/2026,36519,Nat. Rubbers,,
KAKARO,TRTZ,2/1/2026,49577,Nat. Rubbers,,
KAKARO,TRTZ,3/1/2026,65717,Nat. Rubbers,,
KAKARO,TRTZ,4/1/2026,67832,Nat. Rubbers,,
KAKARO,TRTZ,5/1/2026,33919,Nat. Rubbers,,
KAKARO,TRTZ,6/1/2026,72148,Nat. Rubbers,,
KINO,SIS1,1/1/2026,0,Nat. Rubbers,,
KINO,TRTU,1/1/2026,0,Nat. Rubbers,,
KINO,TRTZ,1/1/2026,0,Nat. Rubbers,,
KOKOMO,LUEX,1/1/2026,48198,Nat. Rubbers,,
KOKOMO,LUEX,2/1/2026,64307,Nat. Rubbers,,
KOKOMO,LUEX,3/1/2026,86280,Nat. Rubbers,,
KOKOMO,LUEX,4/1/2026,92137,Nat. Rubbers,,
KOKOMO,LUEX,5/1/2026,74179,Nat. Rubbers,,
KOKOMO,LUEX,6/1/2026,113913,Nat. Rubbers,,
KOKOMO,LUEX,7/1/2026,122684,Nat. Rubbers,,
KOKOMO,LUEX,8/1/2026,96046,Nat. Rubbers,,
KOKOMO,LUEX,9/1/2026,145820,Nat. Rubbers,,
KOKOMO,LUEX,10/1/2026,150681,Nat. Rubbers,,
KOKOMO,LUEX,11/1/2026,142237,Nat. Rubbers,,
KOKOMO,LUEX,12/1/2026,103242,Nat. Rubbers,,
KOKOMO,LUEX,1/1/2027,124798,Nat. Rubbers,,
NABO,TRTZ,1/1/2026,0,Nat. Rubbers,,
NATURO,BEEX,1/1/2026,0,Nat. Rubbers,,
NATURO,FRM1,1/1/2026,106,Nat. Rubbers,,
NATURO,FRM1,2/1/2026,226,Nat. Rubbers,,
NATURO,FRM1,3/1/2026,400,Nat. Rubbers,,
NATURO,FRM1,4/1/2026,321,Nat. Rubbers,,
NATURO,FRM1,5/1/2026,28,Nat. Rubbers,,
NATURO,FRM1,6/1/2026,107,Nat. Rubbers,,
NATURO,FRM1,7/1/2026,101,Nat. Rubbers,,
NATURO,FRM1,9/1/2026,149,Nat. Rubbers,,
NATURO,FRM1,10/1/2026,80,Nat. Rubbers,,
NATURO,FRM1,11/1/2026,263,Nat. Rubbers,,
NATURO,FRM1,12/1/2026,30,Nat. Rubbers,,
NATURO,LUEX,1/1/2026,0,Nat. Rubbers,,
NATURO,PLPL,1/1/2026,721459,Nat. Rubbers,,
NATURO,PLPL,2/1/2026,715550,Nat. Rubbers,,
NATURO,PLPL,3/1/2026,783202,Nat. Rubbers,,
NATURO,PLPL,4/1/2026,750268,Nat. Rubbers,,
NATURO,PLPL,5/1/2026,800450,Nat. Rubbers,,
NATURO,PLPL,6/1/2026,743631,Nat. Rubbers,,
NATURO,PLPL,7/1/2026,739044,Nat. Rubbers,,
NATURO,PLPL,8/1/2026,694110,Nat. Rubbers,,
NATURO,PLPL,9/1/2026,780695,Nat. Rubbers,,
NATURO,PLPL,10/1/2026,822844,Nat. Rubbers,,
NATURO,PLPL,11/1/2026,752597,Nat. Rubbers,,
NATURO,PLPL,12/1/2026,629605,Nat. Rubbers,,
NATURO,PLPL,1/1/2027,717568,Nat. Rubbers,,
NATURO,RSKR,1/1/2026,250125,Nat. Rubbers,,
NATURO,RSKR,2/1/2026,248236,Nat. Rubbers,,
NATURO,RSKR,3/1/2026,286426,Nat. Rubbers,,
NATURO,RSKR,4/1/2026,238553,Nat. Rubbers,,
NATURO,RSKR,5/1/2026,307945,Nat. Rubbers,,
NATURO,RSKR,6/1/2026,260171,Nat. Rubbers,,
NATURO,RSKR,7/1/2026,263987,Nat. Rubbers,,
NATURO,RSKR,8/1/2026,300097,Nat. Rubbers,,
NATURO,RSKR,9/1/2026,289869,Nat. Rubbers,,
NATURO,RSKR,10/1/2026,320122,Nat. Rubbers,,
NATURO,RSKR,11/1/2026,313650,Nat. Rubbers,,
NATURO,RSKR,12/1/2026,325323,Nat. Rubbers,,
NATURO,RSKR,1/1/2027,215650,Nat. Rubbers,,
NATURO,SIS1,1/1/2026,293553,Nat. Rubbers,,
NATURO,SIS1,2/1/2026,207873,Nat. Rubbers,,
NATURO,SIS1,3/1/2026,243646,Nat. Rubbers,,
NATURO,SIS1,4/1/2026,279901,Nat. Rubbers,,
NATURO,SIS1,5/1/2026,296554,Nat. Rubbers,,
NATURO,SIS1,6/1/2026,302326,Nat. Rubbers,,
NATURO,SIS1,7/1/2026,140704,Nat. Rubbers,,
NATURO,SIS1,8/1/2026,302376,Nat. Rubbers,,
NATURO,SIS1,9/1/2026,296348,Nat. Rubbers,,
NATURO,SIS1,10/1/2026,312970,Nat. Rubbers,,
NATURO,SIS1,11/1/2026,287187,Nat. Rubbers,,
NATURO,SIS1,12/1/2026,282731,Nat. Rubbers,,
NATURO,SIS1,1/1/2027,296634,Nat. Rubbers,,
NATURO,TRTU,1/1/2026,492185,Nat. Rubbers,,
NATURO,TRTU,2/1/2026,458213,Nat. Rubbers,,
NATURO,TRTU,3/1/2026,384865,Nat. Rubbers,,
NATURO,TRTU,4/1/2026,493149,Nat. Rubbers,,
NATURO,TRTU,5/1/2026,340461,Nat. Rubbers,,
NATURO,TRTU,6/1/2026,525631,Nat. Rubbers,,
NATURO,TRTU,8/1/2026,318102,Nat. Rubbers,,
NATURO,TRTU,9/1/2026,386874,Nat. Rubbers,,
NATURO,TRTU,10/1/2026,345989,Nat. Rubbers,,
NATURO,TRTU,11/1/2026,197164,Nat. Rubbers,,
NATURO,TRTU,12/1/2026,311243,Nat. Rubbers,,
NATURO,TRTU,1/1/2027,343471,Nat. Rubbers,,
NATURO,TRTZ,1/1/2026,783091,Nat. Rubbers,,
NATURO,TRTZ,2/1/2026,718212,Nat. Rubbers,,
NATURO,TRTZ,3/1/2026,658427,Nat. Rubbers,,
NATURO,TRTZ,4/1/2026,760400,Nat. Rubbers,,
NATURO,TRTZ,5/1/2026,536245,Nat. Rubbers,,
NATURO,TRTZ,6/1/2026,810415,Nat. Rubbers,,
NATURO,TRTZ,7/1/2026,610854,Nat. Rubbers,,
NATURO,TRTZ,8/1/2026,884903,Nat. Rubbers,,
NATURO,TRTZ,9/1/2026,973036,Nat. Rubbers,,
NATURO,TRTZ,10/1/2026,962194,Nat. Rubbers,,
NATURO,TRTZ,11/1/2026,837222,Nat. Rubbers,,
NATURO,TRTZ,12/1/2026,994998,Nat. Rubbers,,
NATURO,TRTZ,1/1/2027,990405,Nat. Rubbers,,
NATURO,ZASA,1/1/2026,0,Nat. Rubbers,,
NATURO,ZASA,4/1/2026,18275,Nat. Rubbers,,
NATURO,ZASA,5/1/2026,26877,Nat. Rubbers,,
NATURO,ZASA,6/1/2026,24880,Nat. Rubbers,,
NATURO1,BEEX,1/1/2026,0,Nat. Rubbers,,
NATURO1,BEEX,2/1/2026,0,Nat. Rubbers,,
NATURO1,BEEX,3/1/2026,0,Nat. Rubbers,,
NATURO1,BEEX,4/1/2026,0,Nat. Rubbers,,
NATURO1,BEEX,6/1/2026,0,Nat. Rubbers,,
NATURO1,BEEX,7/1/2026,0,Nat. Rubbers,,
NATURO1,BEEX,8/1/2026,0,Nat. Rubbers,,
NATURO1,BEEX,9/1/2026,0,Nat. Rubbers,,
NATURO1,BEEX,10/1/2026,0,Nat. Rubbers,,
NATURO1,BEEX,11/1/2026,0,Nat. Rubbers,,
NATURO1,BEEX,12/1/2026,0,Nat. Rubbers,,
NATURO1,BEEX,1/1/2027,0,Nat. Rubbers,,
NATURO1,DEF2,1/1/2026,484995,Nat. Rubbers,,
NATURO1,DEF2,2/1/2026,444065,Nat. Rubbers,,
NATURO1,DEF2,3/1/2026,526166,Nat. Rubbers,,
NATURO1,DEF2,4/1/2026,407111,Nat. Rubbers,,
NATURO1,DEF2,5/1/2026,471721,Nat. Rubbers,,
NATURO1,DEF2,6/1/2026,482081,Nat. Rubbers,,
NATURO1,DEF2,7/1/2026,454807,Nat. Rubbers,,
NATURO1,DEF2,8/1/2026,443610,Nat. Rubbers,,
NATURO1,DEF2,9/1/2026,485504,Nat. Rubbers,,
NATURO1,DEF2,10/1/2026,456649,Nat. Rubbers,,
NATURO1,DEF2,11/1/2026,483260,Nat. Rubbers,,
NATURO1,DEF2,12/1/2026,342649,Nat. Rubbers,,
NATURO1,DEF2,1/1/2027,412666,Nat. Rubbers,,
NATURO1,DEH1,1/1/2026,34141,Nat. Rubbers,,
NATURO1,DEH1,2/1/2026,33809,Nat. Rubbers,,
NATURO1,DEH1,3/1/2026,37188,Nat. Rubbers,,
NATURO1,DEH1,4/1/2026,29202,Nat. Rubbers,,
NATURO1,DEH1,5/1/2026,30371,Nat. Rubbers,,
NATURO1,DEH1,6/1/2026,34774,Nat. Rubbers,,
NATURO1,DEH1,7/1/2026,31146,Nat. Rubbers,,
NATURO1,DEH1,8/1/2026,32025,Nat. Rubbers,,
NATURO1,DEH1,9/1/2026,32480,Nat. Rubbers,,
NATURO1,DEH1,10/1/2026,32953,Nat. Rubbers,,
NATURO1,DEH1,11/1/2026,34107,Nat. Rubbers,,
NATURO1,DEH1,12/1/2026,24665,Nat. Rubbers,,
NATURO1,DEH1,1/1/2027,24519,Nat. Rubbers,,
NATURO1,DEW1,1/1/2026,26437,Nat. Rubbers,,
NATURO1,DEW1,2/1/2026,47583,Nat. Rubbers,,
NATURO1,DEW1,3/1/2026,50586,Nat. Rubbers,,
NATURO1,DEW1,4/1/2026,38423,Nat. Rubbers,,
NATURO1,DEW1,5/1/2026,43620,Nat. Rubbers,,
NATURO1,DEW1,6/1/2026,42999,Nat. Rubbers,,
NATURO1,DEW1,7/1/2026,42265,Nat. Rubbers,,
NATURO1,DEW1,8/1/2026,40236,Nat. Rubbers,,
NATURO1,DEW1,9/1/2026,45990,Nat. Rubbers,,
NATURO1,DEW1,10/1/2026,46986,Nat. Rubbers,,
NATURO1,DEW1,11/1/2026,53199,Nat. Rubbers,,
NATURO1,DEW1,12/1/2026,36007,Nat. Rubbers,,
NATURO1,DEW1,1/1/2027,46650,Nat. Rubbers,,
NATURO1,FRA1,1/1/2026,0,Nat. Rubbers,,
NATURO1,LUEX,1/1/2026,364638,Nat. Rubbers,,
NATURO1,LUEX,2/1/2026,370936,Nat. Rubbers,,
NATURO1,LUEX,3/1/2026,401740,Nat. Rubbers,,
NATURO1,LUEX,4/1/2026,341915,Nat. Rubbers,,
NATURO1,LUEX,5/1/2026,423731,Nat. Rubbers,,
NATURO1,LUEX,6/1/2026,386775,Nat. Rubbers,,
NATURO1,LUEX,7/1/2026,279097,Nat. Rubbers,,
NATURO1,LUEX,8/1/2026,185707,Nat. Rubbers,,
NATURO1,LUEX,9/1/2026,314317,Nat. Rubbers,,
NATURO1,LUEX,10/1/2026,323557,Nat. Rubbers,,
NATURO1,LUEX,11/1/2026,312908,Nat. Rubbers,,
NATURO1,LUEX,12/1/2026,213505,Nat. Rubbers,,
NATURO1,LUEX,1/1/2027,250305,Nat. Rubbers,,
NATURO2,BEEX,1/1/2026,0,Nat. Rubbers,,
NATURO2,BEEX,4/1/2026,0,Nat. Rubbers,,
NATURO2,BEEX,9/1/2026,0,Nat. Rubbers,,
NATURO2,BEEX,10/1/2026,0,Nat. Rubbers,,
NATURO2,BEEX,11/1/2026,0,Nat. Rubbers,,
NATURO2,BEEX,12/1/2026,0,Nat. Rubbers,,
NATURO2,BEEX,1/1/2027,0,Nat. Rubbers,,
NATURO2,DEF1,1/1/2026,0,Nat. Rubbers,,
NATURO2,FRM1,1/1/2026,41122,Nat. Rubbers,,
NATURO2,FRM1,2/1/2026,21566,Nat. Rubbers,,
NATURO2,FRM1,3/1/2026,19834,Nat. Rubbers,,
NATURO2,FRM1,4/1/2026,19319,Nat. Rubbers,,
NATURO2,FRM1,5/1/2026,20722,Nat. Rubbers,,
NATURO2,FRM1,6/1/2026,24139,Nat. Rubbers,,
NATURO2,FRM1,7/1/2026,15878,Nat. Rubbers,,
NATURO2,FRM1,8/1/2026,14863,Nat. Rubbers,,
NATURO2,FRM1,9/1/2026,23180,Nat. Rubbers,,
NATURO2,FRM1,10/1/2026,23397,Nat. Rubbers,,
NATURO2,FRM1,11/1/2026,22105,Nat. Rubbers,,
NATURO2,FRM1,12/1/2026,17864,Nat. Rubbers,,
NATURO2,FRM1,1/1/2027,13313,Nat. Rubbers,,
NATURO2,LUEX,1/1/2026,0,Nat. Rubbers,,
NATURO2,LUEX,2/1/2026,0,Nat. Rubbers,,
NATURO2,LUEX,3/1/2026,0,Nat. Rubbers,,
NATURO2,LUEX,4/1/2026,0,Nat. Rubbers,,
NATURO2,LUEX,5/1/2026,0,Nat. Rubbers,,
NATURO2,LUEX,6/1/2026,0,Nat. Rubbers,,
NATURO2,LUEX,7/1/2026,0,Nat. Rubbers,,
NATURO2,LUEX,8/1/2026,0,Nat. Rubbers,,
NATURO2,LUEX,9/1/2026,0,Nat. Rubbers,,
NATURO2,LUEX,10/1/2026,0,Nat. Rubbers,,
NATURO2,LUEX,11/1/2026,0,Nat. Rubbers,,
NATURO2,LUEX,12/1/2026,0,Nat. Rubbers,,
NATURO2,LUEX,1/1/2027,0,Nat. Rubbers,,
NATURO3,BEEX,1/1/2026,0,Nat. Rubbers,,
NATURO3,BEEX,4/1/2026,0,Nat. Rubbers,,
NATURO3,DEF1,1/1/2026,0,Nat. Rubbers,,
NATURO3,DEF1,7/1/2026,220,Nat. Rubbers,,
NATURO3,DEF1,9/1/2026,757,Nat. Rubbers,,
NATURO3,DEF1,10/1/2026,273,Nat. Rubbers,,
NATURO3,DEF1,1/1/2027,269,Nat. Rubbers,,
NATURO3,DEW1,1/1/2026,0,Nat. Rubbers,,
NATURO3,LUEX,1/1/2026,0,Nat. Rubbers,,
NATURO4,FRM1,1/1/2026,0,Nat. Rubbers,,
NATURO4,LUEX,1/1/2026,0,Nat. Rubbers,,
NEUDRO,BEEX,1/1/2026,0,Nat. Rubbers,,
NEUDRO,BEEX,2/1/2026,0,Nat. Rubbers,,
NEUDRO,BEEX,3/1/2026,0,Nat. Rubbers,,
NEUDRO,LUEX,1/1/2026,0,Nat. Rubbers,,
NEUDRO,SIS1,1/1/2026,218404,Nat. Rubbers,,
NEUDRO,SIS1,2/1/2026,222903,Nat. Rubbers,,
NEUDRO,SIS1,3/1/2026,245455,Nat. Rubbers,,
NEUDRO,SIS1,4/1/2026,216222,Nat. Rubbers,,
NEUDRO,SIS1,5/1/2026,239673,Nat. Rubbers,,
NEUDRO,SIS1,6/1/2026,238516,Nat. Rubbers,,
NEUDRO,SIS1,7/1/2026,117498,Nat. Rubbers,,
NEUDRO,SIS1,8/1/2026,254508,Nat. Rubbers,,
NEUDRO,SIS1,9/1/2026,244926,Nat. Rubbers,,
NEUDRO,SIS1,10/1/2026,247668,Nat. Rubbers,,
NEUDRO,SIS1,11/1/2026,232723,Nat. Rubbers,,
NEUDRO,SIS1,12/1/2026,212199,Nat. Rubbers,,
NEUDRO,SIS1,1/1/2027,222779,Nat. Rubbers,,
NEUDRO,TRTU,1/1/2026,119066,Nat. Rubbers,,
NEUDRO,TRTU,2/1/2026,108993,Nat. Rubbers,,
NEUDRO,TRTU,3/1/2026,99078,Nat. Rubbers,,
NEUDRO,TRTU,4/1/2026,114751,Nat. Rubbers,,
NEUDRO,TRTU,5/1/2026,73866,Nat. Rubbers,,
NEUDRO,TRTU,6/1/2026,117101,Nat. Rubbers,,
NEUDRO,ZASA,1/1/2026,0,Nat. Rubbers,,
NEUDRO,ZASA,4/1/2026,262,Nat. Rubbers,,
NEUDRO,ZASA,5/1/2026,406,Nat. Rubbers,,
NEUDRO,ZASA,6/1/2026,371,Nat. Rubbers,,
NEUDRO1,BEEX,1/1/2026,0,Nat. Rubbers,,
NEUDRO1,BEEX,2/1/2026,0,Nat. Rubbers,,
NEUDRO1,BEEX,3/1/2026,0,Nat. Rubbers,,
NEUDRO1,BEEX,4/1/2026,0,Nat. Rubbers,,
NEUDRO1,BEEX,5/1/2026,0,Nat. Rubbers,,
NEUDRO1,BEEX,6/1/2026,0,Nat. Rubbers,,
NEUDRO1,BEEX,7/1/2026,0,Nat. Rubbers,,
NEUDRO1,BEEX,8/1/2026,0,Nat. Rubbers,,
NEUDRO1,BEEX,9/1/2026,0,Nat. Rubbers,,
NEUDRO1,BEEX,10/1/2026,0,Nat. Rubbers,,
NEUDRO1,BEEX,11/1/2026,0,Nat. Rubbers,,
NEUDRO1,BEEX,12/1/2026,0,Nat. Rubbers,,
NEUDRO1,BEEX,1/1/2027,0,Nat. Rubbers,,
NEUDRO1,DEF2,1/1/2026,199698,Nat. Rubbers,,
NEUDRO1,DEF2,2/1/2026,180804,Nat. Rubbers,,
NEUDRO1,DEF2,3/1/2026,198667,Nat. Rubbers,,
NEUDRO1,DEF2,4/1/2026,144805,Nat. Rubbers,,
NEUDRO1,DEF2,5/1/2026,139512,Nat. Rubbers,,
NEUDRO1,DEF2,6/1/2026,155265,Nat. Rubbers,,
NEUDRO1,DEF2,7/1/2026,135324,Nat. Rubbers,,
NEUDRO1,DEF2,8/1/2026,126551,Nat. Rubbers,,
NEUDRO1,DEF2,9/1/2026,143590,Nat. Rubbers,,
NEUDRO1,DEF2,10/1/2026,158669,Nat. Rubbers,,
NEUDRO1,DEF2,11/1/2026,159405,Nat. Rubbers,,
NEUDRO1,DEF2,12/1/2026,130327,Nat. Rubbers,,
NEUDRO1,DEF2,1/1/2027,145776,Nat. Rubbers,,
NEUDRO1,DEH1,1/1/2026,268616,Nat. Rubbers,,
NEUDRO1,DEH1,2/1/2026,271138,Nat. Rubbers,,
NEUDRO1,DEH1,3/1/2026,313904,Nat. Rubbers,,
NEUDRO1,DEH1,4/1/2026,264275,Nat. Rubbers,,
NEUDRO1,DEH1,5/1/2026,274151,Nat. Rubbers,,
NEUDRO1,DEH1,6/1/2026,298668,Nat. Rubbers,,
NEUDRO1,DEH1,7/1/2026,274035,Nat. Rubbers,,
NEUDRO1,DEH1,8/1/2026,286117,Nat. Rubbers,,
NEUDRO1,DEH1,9/1/2026,306795,Nat. Rubbers,,
NEUDRO1,DEH1,10/1/2026,309368,Nat. Rubbers,,
NEUDRO1,DEH1,11/1/2026,299971,Nat. Rubbers,,
NEUDRO1,DEH1,12/1/2026,236724,Nat. Rubbers,,
NEUDRO1,DEH1,1/1/2027,250939,Nat. Rubbers,,
NEUDRO1,DEW1,1/1/2026,166652,Nat. Rubbers,,
NEUDRO1,DEW1,2/1/2026,163317,Nat. Rubbers,,
NEUDRO1,DEW1,3/1/2026,172925,Nat. Rubbers,,
NEUDRO1,DEW1,4/1/2026,150350,Nat. Rubbers,,
NEUDRO1,DEW1,5/1/2026,150352,Nat. Rubbers,,
NEUDRO1,DEW1,6/1/2026,161700,Nat. Rubbers,,
NEUDRO1,DEW1,7/1/2026,170614,Nat. Rubbers,,
NEUDRO1,DEW1,8/1/2026,165576,Nat. Rubbers,,
NEUDRO1,DEW1,9/1/2026,169344,Nat. Rubbers,,
NEUDRO1,DEW1,10/1/2026,170998,Nat. Rubbers,,
NEUDRO1,DEW1,11/1/2026,163843,Nat. Rubbers,,
NEUDRO1,DEW1,12/1/2026,126860,Nat. Rubbers,,
NEUDRO1,DEW1,1/1/2027,186758,Nat. Rubbers,,
NEUDRO1,FRM1,1/1/2026,132846,Nat. Rubbers,,
NEUDRO1,FRM1,2/1/2026,94811,Nat. Rubbers,,
NEUDRO1,FRM1,3/1/2026,126747,Nat. Rubbers,,
NEUDRO1,FRM1,4/1/2026,107733,Nat. Rubbers,,
NEUDRO1,FRM1,5/1/2026,141123,Nat. Rubbers,,
NEUDRO1,FRM1,6/1/2026,117630,Nat. Rubbers,,
NEUDRO1,FRM1,7/1/2026,114183,Nat. Rubbers,,
NEUDRO1,FRM1,8/1/2026,69524,Nat. Rubbers,,
NEUDRO1,FRM1,9/1/2026,154084,Nat. Rubbers,,
NEUDRO1,FRM1,10/1/2026,105738,Nat. Rubbers,,
NEUDRO1,FRM1,11/1/2026,157072,Nat. Rubbers,,
NEUDRO1,FRM1,12/1/2026,107844,Nat. Rubbers,,
NEUDRO1,FRM1,1/1/2027,184397,Nat. Rubbers,,
NEUDRO1,LUEX,1/1/2026,121261,Nat. Rubbers,,
NEUDRO1,LUEX,2/1/2026,162585,Nat. Rubbers,,
NEUDRO1,LUEX,3/1/2026,154251,Nat. Rubbers,,
NEUDRO1,LUEX,4/1/2026,165165,Nat. Rubbers,,
NEUDRO1,LUEX,5/1/2026,123215,Nat. Rubbers,,
NEUDRO1,LUEX,6/1/2026,152849,Nat. Rubbers,,
NEUDRO1,LUEX,7/1/2026,125240,Nat. Rubbers,,
NEUDRO1,LUEX,8/1/2026,101187,Nat. Rubbers,,
NEUDRO1,LUEX,9/1/2026,127190,Nat. Rubbers,,
NEUDRO1,LUEX,10/1/2026,183601,Nat. Rubbers,,
NEUDRO1,LUEX,11/1/2026,110637,Nat. Rubbers,,
NEUDRO1,LUEX,12/1/2026,113058,Nat. Rubbers,,
NEUDRO1,LUEX,1/1/2027,81601,Nat. Rubbers,,
NEUDRO1,SIS1,1/1/2026,0,Nat. Rubbers,,
NEUDRO3,DEF1,1/1/2026,0,Nat. Rubbers,,
NEUDRO3,DEH1,1/1/2026,23821,Nat. Rubbers,,
NEUDRO3,DEH1,2/1/2026,21878,Nat. Rubbers,,
NEUDRO3,DEH1,3/1/2026,23895,Nat. Rubbers,,
NEUDRO3,DEH1,4/1/2026,22118,Nat. Rubbers,,
NEUDRO3,DEH1,5/1/2026,22118,Nat. Rubbers,,
NEUDRO3,DEH1,6/1/2026,26833,Nat. Rubbers,,
NEUDRO3,DEH1,7/1/2026,24241,Nat. Rubbers,,
NEUDRO3,DEH1,8/1/2026,23665,Nat. Rubbers,,
NEUDRO3,DEH1,9/1/2026,27097,Nat. Rubbers,,
NEUDRO3,DEH1,10/1/2026,31083,Nat. Rubbers,,
NEUDRO3,DEH1,11/1/2026,28693,Nat. Rubbers,,
NEUDRO3,DEH1,12/1/2026,23181,Nat. Rubbers,,
NEUDRO3,DEH1,1/1/2027,27719,Nat. Rubbers,,
NEUDRO3,FRA1,1/1/2026,364353,Nat. Rubbers,,
NEUDRO3,FRA1,2/1/2026,376869,Nat. Rubbers,,
NEUDRO3,FRA1,3/1/2026,391808,Nat. Rubbers,,
NEUDRO3,FRA1,4/1/2026,381550,Nat. Rubbers,,
NEUDRO3,FRA1,5/1/2026,370432,Nat. Rubbers,,
NEUDRO3,FRA1,6/1/2026,369211,Nat. Rubbers,,
NEUDRO3,FRA1,7/1/2026,286061,Nat. Rubbers,,
NEUDRO3,FRA1,8/1/2026,301388,Nat. Rubbers,,
NEUDRO3,FRA1,9/1/2026,445142,Nat. Rubbers,,
NEUDRO3,FRA1,10/1/2026,471650,Nat. Rubbers,,
NEUDRO3,FRA1,11/1/2026,442499,Nat. Rubbers,,
NEUDRO3,FRA1,12/1/2026,436165,Nat. Rubbers,,
NEUDRO3,FRA1,1/1/2027,367375,Nat. Rubbers,,
NEUDRO3,LUEX,3/1/2026,0,Nat. Rubbers,,
NEUDRO3,SIS1,1/1/2026,0,Nat. Rubbers,,
NEUDRO3,SIS1,2/1/2026,0,Nat. Rubbers,,
NEUDRO3,SIS1,3/1/2026,0,Nat. Rubbers,,
NEUDRO3,SIS1,4/1/2026,0,Nat. Rubbers,,
NEUDRO3,SIS1,5/1/2026,0,Nat. Rubbers,,
NEUDRO3,SIS1,6/1/2026,0,Nat. Rubbers,,
NEUDRO3,SIS1,7/1/2026,0,Nat. Rubbers,,
NEUDRO3,SIS1,8/1/2026,0,Nat. Rubbers,,
NEUDRO3,SIS1,9/1/2026,0,Nat. Rubbers,,
NEUDRO3,SIS1,10/1/2026,0,Nat. Rubbers,,
NEUDRO3,SIS1,11/1/2026,0,Nat. Rubbers,,
NEUDRO3,SIS1,12/1/2026,0,Nat. Rubbers,,
NEUDRO7,FRA1,1/1/2026,0,Nat. Rubbers,,
NEUDRO8,BEEX,1/1/2026,0,Nat. Rubbers,,
NEUDRO8,LUEX,1/1/2026,0,Nat. Rubbers,,
NEUDRO8,LUEX,3/1/2026,25,Nat. Rubbers,,
NEUDRO8,LUEX,4/1/2026,277,Nat. Rubbers,,
NEUDRO8,LUEX,5/1/2026,348,Nat. Rubbers,,
NEUDRO8,LUEX,6/1/2026,267,Nat. Rubbers,,
NEUDRO8,LUEX,7/1/2026,234,Nat. Rubbers,,
NEUDRO8,LUEX,8/1/2026,307,Nat. Rubbers,,
NEUDRO8,LUEX,9/1/2026,367,Nat. Rubbers,,
NEUDRO8,LUEX,10/1/2026,389,Nat. Rubbers,,
NEUDRO8,LUEX,11/1/2026,233,Nat. Rubbers,,
NEUDRO8,LUEX,12/1/2026,198,Nat. Rubbers,,
NEUDRO8,LUEX,1/1/2027,311,Nat. Rubbers,,
NIMBO,PLPL,1/1/2026,0,Nat. Rubbers,,
NIMBO,SIS1,1/1/2026,0,Nat. Rubbers,,
NIMBO,TRTU,1/1/2026,0,Nat. Rubbers,,
NIMBO,TRTZ,1/1/2026,0,Nat. Rubbers,,
NIMBO,ZASA,1/1/2026,0,Nat. Rubbers,,
NIMBO5,BEEX,1/1/2026,0,Nat. Rubbers,,
NIMBO5,LUEX,1/1/2026,0,Nat. Rubbers,,
NIMBO6,FRM1,1/1/2026,0,Nat. Rubbers,,
NOKANDO,BEEX,4/1/2026,0,Nat. Rubbers,,
NOKANDO,GBM1,1/1/2026,0,Nat. Rubbers,,
NOKANDO,LUEX,1/1/2026,0,Nat. Rubbers,,
NOKANDO,PLPL,1/1/2026,1902191,Nat. Rubbers,,
NOKANDO,PLPL,2/1/2026,1884114,Nat. Rubbers,,
NOKANDO,PLPL,3/1/2026,2168170,Nat. Rubbers,,
NOKANDO,PLPL,4/1/2026,1848927,Nat. Rubbers,,
NOKANDO,PLPL,5/1/2026,2193499,Nat. Rubbers,,
NOKANDO,PLPL,6/1/2026,2082631,Nat. Rubbers,,
NOKANDO,PLPL,7/1/2026,1939496,Nat. Rubbers,,
NOKANDO,PLPL,8/1/2026,1778947,Nat. Rubbers,,
NOKANDO,PLPL,9/1/2026,2111274,Nat. Rubbers,,
NOKANDO,PLPL,10/1/2026,2163560,Nat. Rubbers,,
NOKANDO,PLPL,11/1/2026,1990603,Nat. Rubbers,,
NOKANDO,PLPL,12/1/2026,1612101,Nat. Rubbers,,
NOKANDO,PLPL,1/1/2027,1886272,Nat. Rubbers,,
NOKANDO,RSKR,1/1/2026,169000,Nat. Rubbers,,
NOKANDO,RSKR,2/1/2026,173556,Nat. Rubbers,,
NOKANDO,RSKR,3/1/2026,189375,Nat. Rubbers,,
NOKANDO,RSKR,4/1/2026,125179,Nat. Rubbers,,
NOKANDO,RSKR,5/1/2026,154872,Nat. Rubbers,,
NOKANDO,RSKR,6/1/2026,143181,Nat. Rubbers,,
NOKANDO,RSKR,7/1/2026,141457,Nat. Rubbers,,
NOKANDO,RSKR,8/1/2026,138768,Nat. Rubbers,,
NOKANDO,RSKR,9/1/2026,164983,Nat. Rubbers,,
NOKANDO,RSKR,10/1/2026,161141,Nat. Rubbers,,
NOKANDO,RSKR,11/1/2026,173173,Nat. Rubbers,,
NOKANDO,RSKR,12/1/2026,156109,Nat. Rubbers,,
NOKANDO,RSKR,1/1/2027,151690,Nat. Rubbers,,
NOKANDO,SIS1,1/1/2026,0,Nat. Rubbers,,
NOKANDO,TRTU,1/1/2026,327190,Nat. Rubbers,,
NOKANDO,TRTU,2/1/2026,290847,Nat. Rubbers,,
NOKANDO,TRTU,3/1/2026,294360,Nat. Rubbers,,
NOKANDO,TRTU,4/1/2026,294852,Nat. Rubbers,,
NOKANDO,TRTU,5/1/2026,157295,Nat. Rubbers,,
NOKANDO,TRTU,6/1/2026,258842,Nat. Rubbers,,
NOKANDO,TRTU,8/1/2026,201034,Nat. Rubbers,,
NOKANDO,TRTU,9/1/2026,273409,Nat. Rubbers,,
NOKANDO,TRTU,10/1/2026,290399,Nat. Rubbers,,
NOKANDO,TRTU,11/1/2026,170914,Nat. Rubbers,,
NOKANDO,TRTU,12/1/2026,305639,Nat. Rubbers,,
NOKANDO,TRTU,1/1/2027,312362,Nat. Rubbers,,
NOKANDO,TRTZ,1/1/2026,539993,Nat. Rubbers,,
NOKANDO,TRTZ,2/1/2026,519652,Nat. Rubbers,,
NOKANDO,TRTZ,3/1/2026,486809,Nat. Rubbers,,
NOKANDO,TRTZ,4/1/2026,536092,Nat. Rubbers,,
NOKANDO,TRTZ,5/1/2026,395002,Nat. Rubbers,,
NOKANDO,TRTZ,6/1/2026,550726,Nat. Rubbers,,
NOKANDO,TRTZ,7/1/2026,403477,Nat. Rubbers,,
NOKANDO,TRTZ,8/1/2026,620552,Nat. Rubbers,,
NOKANDO,TRTZ,9/1/2026,693014,Nat. Rubbers,,
NOKANDO,TRTZ,10/1/2026,660818,Nat. Rubbers,,
NOKANDO,TRTZ,11/1/2026,586314,Nat. Rubbers,,
NOKANDO,TRTZ,12/1/2026,675722,Nat. Rubbers,,
NOKANDO,TRTZ,1/1/2027,705885,Nat. Rubbers,,
NOKANDO2,BEEX,1/1/2026,0,Nat. Rubbers,,
NOKANDO2,BEEX,2/1/2026,0,Nat. Rubbers,,
NOKANDO2,BEEX,3/1/2026,0,Nat. Rubbers,,
NOKANDO2,BEEX,4/1/2026,0,Nat. Rubbers,,
NOKANDO2,BEEX,5/1/2026,0,Nat. Rubbers,,
NOKANDO2,BEEX,6/1/2026,0,Nat. Rubbers,,
NOKANDO2,BEEX,7/1/2026,0,Nat. Rubbers,,
NOKANDO2,BEEX,8/1/2026,0,Nat. Rubbers,,
NOKANDO2,BEEX,9/1/2026,0,Nat. Rubbers,,
NOKANDO2,BEEX,10/1/2026,0,Nat. Rubbers,,
NOKANDO2,BEEX,11/1/2026,0,Nat. Rubbers,,
NOKANDO2,BEEX,12/1/2026,0,Nat. Rubbers,,
NOKANDO2,BEEX,1/1/2027,0,Nat. Rubbers,,
NOKANDO2,DEF2,1/1/2026,122739,Nat. Rubbers,,
NOKANDO2,DEF2,2/1/2026,121713,Nat. Rubbers,,
NOKANDO2,DEF2,3/1/2026,140277,Nat. Rubbers,,
NOKANDO2,DEF2,4/1/2026,119912,Nat. Rubbers,,
NOKANDO2,DEF2,5/1/2026,123653,Nat. Rubbers,,
NOKANDO2,DEF2,6/1/2026,140510,Nat. Rubbers,,
NOKANDO2,DEF2,7/1/2026,102784,Nat. Rubbers,,
NOKANDO2,DEF2,8/1/2026,112132,Nat. Rubbers,,
NOKANDO2,DEF2,9/1/2026,131997,Nat. Rubbers,,
NOKANDO2,DEF2,10/1/2026,131860,Nat. Rubbers,,
NOKANDO2,DEF2,11/1/2026,124314,Nat. Rubbers,,
NOKANDO2,DEF2,12/1/2026,100978,Nat. Rubbers,,
NOKANDO2,DEF2,1/1/2027,120516,Nat. Rubbers,,
NOKANDO2,DEH1,1/1/2026,275321,Nat. Rubbers,,
NOKANDO2,DEH1,2/1/2026,287217,Nat. Rubbers,,
NOKANDO2,DEH1,3/1/2026,319383,Nat. Rubbers,,
NOKANDO2,DEH1,4/1/2026,265282,Nat. Rubbers,,
NOKANDO2,DEH1,5/1/2026,285257,Nat. Rubbers,,
NOKANDO2,DEH1,6/1/2026,306725,Nat. Rubbers,,
NOKANDO2,DEH1,7/1/2026,291853,Nat. Rubbers,,
NOKANDO2,DEH1,8/1/2026,290487,Nat. Rubbers,,
NOKANDO2,DEH1,9/1/2026,318311,Nat. Rubbers,,
NOKANDO2,DEH1,10/1/2026,314729,Nat. Rubbers,,
NOKANDO2,DEH1,11/1/2026,319693,Nat. Rubbers,,
NOKANDO2,DEH1,12/1/2026,236322,Nat. Rubbers,,
NOKANDO2,DEH1,1/1/2027,253760,Nat. Rubbers,,
NOKANDO2,DEW1,1/1/2026,1819122,Nat. Rubbers,,
NOKANDO2,DEW1,2/1/2026,2092534,Nat. Rubbers,,
NOKANDO2,DEW1,3/1/2026,2257865,Nat. Rubbers,,
NOKANDO2,DEW1,4/1/2026,1905974,Nat. Rubbers,,
NOKANDO2,DEW1,5/1/2026,1955962,Nat. Rubbers,,
NOKANDO2,DEW1,6/1/2026,2160301,Nat. Rubbers,,
NOKANDO2,DEW1,7/1/2026,2120485,Nat. Rubbers,,
NOKANDO2,DEW1,8/1/2026,2026366,Nat. Rubbers,,
NOKANDO2,DEW1,9/1/2026,2235127,Nat. Rubbers,,
NOKANDO2,DEW1,10/1/2026,2208068,Nat. Rubbers,,
NOKANDO2,DEW1,11/1/2026,2147039,Nat. Rubbers,,
NOKANDO2,DEW1,12/1/2026,1659319,Nat. Rubbers,,
NOKANDO2,DEW1,1/1/2027,1815695,Nat. Rubbers,,
NOKANDO2,FRA1,1/1/2026,0,Nat. Rubbers,,
NOKANDO2,FRM1,1/1/2026,71836,Nat. Rubbers,,
NOKANDO2,FRM1,2/1/2026,103219,Nat. Rubbers,,
NOKANDO2,FRM1,3/1/2026,127242,Nat. Rubbers,,
NOKANDO2,FRM1,4/1/2026,58911,Nat. Rubbers,,
NOKANDO2,FRM1,5/1/2026,109447,Nat. Rubbers,,
NOKANDO2,FRM1,6/1/2026,101669,Nat. Rubbers,,
NOKANDO2,FRM1,7/1/2026,105321,Nat. Rubbers,,
NOKANDO2,FRM1,8/1/2026,91091,Nat. Rubbers,,
NOKANDO2,FRM1,9/1/2026,150233,Nat. Rubbers,,
NOKANDO2,FRM1,10/1/2026,119522,Nat. Rubbers,,
NOKANDO2,FRM1,11/1/2026,121419,Nat. Rubbers,,
NOKANDO2,FRM1,12/1/2026,111172,Nat. Rubbers,,
NOKANDO2,FRM1,1/1/2027,29338,Nat. Rubbers,,
NOKANDO2,LUEX,1/1/2026,2795951,Nat. Rubbers,,
NOKANDO2,LUEX,2/1/2026,3091317,Nat. Rubbers,,
NOKANDO2,LUEX,3/1/2026,3428049,Nat. Rubbers,,
NOKANDO2,LUEX,4/1/2026,3178528,Nat. Rubbers,,
NOKANDO2,LUEX,5/1/2026,2983299,Nat. Rubbers,,
NOKANDO2,LUEX,6/1/2026,3210980,Nat. Rubbers,,
NOKANDO2,LUEX,7/1/2026,2576253,Nat. Rubbers,,
NOKANDO2,LUEX,8/1/2026,2231734,Nat. Rubbers,,
NOKANDO2,LUEX,9/1/2026,3184899,Nat. Rubbers,,
NOKANDO2,LUEX,10/1/2026,3298018,Nat. Rubbers,,
NOKANDO2,LUEX,11/1/2026,3111657,Nat. Rubbers,,
NOKANDO2,LUEX,12/1/2026,2356928,Nat. Rubbers,,
NOKANDO2,LUEX,1/1/2027,2765432,Nat. Rubbers,,
NOKANDO2,SIS1,1/1/2026,983740,Nat. Rubbers,,
NOKANDO2,SIS1,2/1/2026,1054958,Nat. Rubbers,,
NOKANDO2,SIS1,3/1/2026,1170756,Nat. Rubbers,,
NOKANDO2,SIS1,4/1/2026,961233,Nat. Rubbers,,
NOKANDO2,SIS1,5/1/2026,1042239,Nat. Rubbers,,
NOKANDO2,SIS1,6/1/2026,994896,Nat. Rubbers,,
NOKANDO2,SIS1,7/1/2026,491238,Nat. Rubbers,,
NOKANDO2,SIS1,8/1/2026,1075352,Nat. Rubbers,,
NOKANDO2,SIS1,9/1/2026,1040872,Nat. Rubbers,,
NOKANDO2,SIS1,10/1/2026,1045306,Nat. Rubbers,,
NOKANDO2,SIS1,11/1/2026,973151,Nat. Rubbers,,
NOKANDO2,SIS1,12/1/2026,884597,Nat. Rubbers,,
NOKANDO2,SIS1,1/1/2027,948439,Nat. Rubbers,,
NOKANDO2,ZASA,1/1/2026,0,Nat. Rubbers,,
NOKANDO4,BEEX,1/1/2026,0,Nat. Rubbers,,
NOKANDO4,BEEX,2/1/2026,0,Nat. Rubbers,,
NOKANDO4,BEEX,3/1/2026,0,Nat. Rubbers,,
NOKANDO4,BEEX,4/1/2026,0,Nat. Rubbers,,
NOKANDO4,BEEX,6/1/2026,0,Nat. Rubbers,,
NOKANDO4,BEEX,7/1/2026,0,Nat. Rubbers,,
NOKANDO4,BEEX,8/1/2026,0,Nat. Rubbers,,
NOKANDO4,BEEX,9/1/2026,0,Nat. Rubbers,,
NOKANDO4,BEEX,10/1/2026,0,Nat. Rubbers,,
NOKANDO4,BEEX,11/1/2026,0,Nat. Rubbers,,
NOKANDO4,BEEX,12/1/2026,0,Nat. Rubbers,,
NOKANDO4,BEEX,1/1/2027,0,Nat. Rubbers,,
NOKANDO4,DEF1,1/1/2026,0,Nat. Rubbers,,
NOKANDO4,DEF1,3/1/2026,0,Nat. Rubbers,,
NOKANDO4,DEF1,4/1/2026,923,Nat. Rubbers,,
NOKANDO4,DEF1,5/1/2026,814,Nat. Rubbers,,
NOKANDO4,DEF1,6/1/2026,959,Nat. Rubbers,,
NOKANDO4,DEF1,7/1/2026,557,Nat. Rubbers,,
NOKANDO4,DEF1,8/1/2026,499,Nat. Rubbers,,
NOKANDO4,DEF1,9/1/2026,1773,Nat. Rubbers,,
NOKANDO4,DEF1,10/1/2026,3863,Nat. Rubbers,,
NOKANDO4,DEF1,11/1/2026,3134,Nat. Rubbers,,
NOKANDO4,DEF1,1/1/2027,2832,Nat. Rubbers,,
NOKANDO4,DEF2,1/1/2026,0,Nat. Rubbers,,
NOKANDO4,DEW1,1/1/2026,445415,Nat. Rubbers,,
NOKANDO4,DEW1,2/1/2026,391808,Nat. Rubbers,,
NOKANDO4,DEW1,3/1/2026,446456,Nat. Rubbers,,
NOKANDO4,DEW1,4/1/2026,369727,Nat. Rubbers,,
NOKANDO4,DEW1,5/1/2026,368186,Nat. Rubbers,,
NOKANDO4,DEW1,6/1/2026,421775,Nat. Rubbers,,
NOKANDO4,DEW1,7/1/2026,363163,Nat. Rubbers,,
NOKANDO4,DEW1,8/1/2026,335769,Nat. Rubbers,,
NOKANDO4,DEW1,9/1/2026,412681,Nat. Rubbers,,
NOKANDO4,DEW1,10/1/2026,434100,Nat. Rubbers,,
NOKANDO4,DEW1,11/1/2026,412011,Nat. Rubbers,,
NOKANDO4,DEW1,12/1/2026,351130,Nat. Rubbers,,
NOKANDO4,DEW1,1/1/2027,361819,Nat. Rubbers,,
NOKANDO4,FRM1,1/1/2026,0,Nat. Rubbers,,
NOKANDO4,FRM1,8/1/2026,0,Nat. Rubbers,,
NOKANDO4,FRM1,9/1/2026,97426,Nat. Rubbers,,
NOKANDO4,LUEX,1/1/2026,0,Nat. Rubbers,,
NOKANDO4,LUEX,3/1/2026,0,Nat. Rubbers,,
NOKANDO4,LUEX,8/1/2026,0,Nat. Rubbers,,
NOKANDO4,LUEX,9/1/2026,0,Nat. Rubbers,,
NOKANDO4,PLPL,1/1/2026,482201,Nat. Rubbers,,
NOKANDO4,PLPL,2/1/2026,442664,Nat. Rubbers,,
NOKANDO4,PLPL,3/1/2026,512492,Nat. Rubbers,,
NOKANDO4,PLPL,4/1/2026,471715,Nat. Rubbers,,
NOKANDO4,PLPL,5/1/2026,518918,Nat. Rubbers,,
NOKANDO4,PLPL,6/1/2026,456963,Nat. Rubbers,,
NOKANDO4,PLPL,7/1/2026,484053,Nat. Rubbers,,
NOKANDO4,PLPL,8/1/2026,479254,Nat. Rubbers,,
NOKANDO4,PLPL,9/1/2026,401935,Nat. Rubbers,,
NOKANDO4,PLPL,10/1/2026,521510,Nat. Rubbers,,
NOKANDO4,PLPL,11/1/2026,516422,Nat. Rubbers,,
NOKANDO4,PLPL,12/1/2026,405157,Nat. Rubbers,,
NOKANDO4,PLPL,1/1/2027,403563,Nat. Rubbers,,
NOKANDO4,RSKR,1/1/2026,37943,Nat. Rubbers,,
NOKANDO4,RSKR,2/1/2026,67877,Nat. Rubbers,,
NOKANDO4,RSKR,3/1/2026,75727,Nat. Rubbers,,
NOKANDO4,RSKR,4/1/2026,68848,Nat. Rubbers,,
NOKANDO4,RSKR,5/1/2026,84548,Nat. Rubbers,,
NOKANDO4,RSKR,6/1/2026,65694,Nat. Rubbers,,
NOKANDO4,RSKR,7/1/2026,78963,Nat. Rubbers,,
NOKANDO4,RSKR,8/1/2026,81808,Nat. Rubbers,,
NOKANDO4,RSKR,9/1/2026,81400,Nat. Rubbers,,
NOKANDO4,RSKR,10/1/2026,95042,Nat. Rubbers,,
NOKANDO4,RSKR,11/1/2026,85432,Nat. Rubbers,,
NOKANDO4,RSKR,12/1/2026,86087,Nat. Rubbers,,
NOKANDO4,RSKR,1/1/2027,84241,Nat. Rubbers,,
NOKANDO4,SIS1,1/1/2026,297004,Nat. Rubbers,,
NOKANDO4,SIS1,2/1/2026,288202,Nat. Rubbers,,
NOKANDO4,SIS1,3/1/2026,326661,Nat. Rubbers,,
NOKANDO4,SIS1,4/1/2026,268454,Nat. Rubbers,,
NOKANDO4,SIS1,5/1/2026,284066,Nat. Rubbers,,
NOKANDO4,SIS1,6/1/2026,281863,Nat. Rubbers,,
NOKANDO4,SIS1,7/1/2026,156868,Nat. Rubbers,,
NOKANDO4,SIS1,8/1/2026,227076,Nat. Rubbers,,
NOKANDO4,SIS1,9/1/2026,248197,Nat. Rubbers,,
NOKANDO4,SIS1,10/1/2026,292551,Nat. Rubbers,,
NOKANDO4,SIS1,11/1/2026,281107,Nat. Rubbers,,
NOKANDO4,SIS1,12/1/2026,246334,Nat. Rubbers,,
NOKANDO4,SIS1,1/1/2027,327150,Nat. Rubbers,,
NOKANDO4,TRTU,1/1/2026,0,Nat. Rubbers,,
NOKANDO4,TRTZ,1/1/2026,198687,Nat. Rubbers,,
NOKANDO4,TRTZ,2/1/2026,189935,Nat. Rubbers,,
NOKANDO4,TRTZ,3/1/2026,180124,Nat. Rubbers,,
NOKANDO4,TRTZ,4/1/2026,211665,Nat. Rubbers,,
NOKANDO4,TRTZ,5/1/2026,154697,Nat. Rubbers,,
NOKANDO4,TRTZ,6/1/2026,222442,Nat. Rubbers,,
NOKANDO4,TRTZ,7/1/2026,223300,Nat. Rubbers,,
NOKANDO4,TRTZ,8/1/2026,229083,Nat. Rubbers,,
NOKANDO4,TRTZ,9/1/2026,214591,Nat. Rubbers,,
NOKANDO4,TRTZ,10/1/2026,232068,Nat. Rubbers,,
NOKANDO4,TRTZ,11/1/2026,239815,Nat. Rubbers,,
NOKANDO4,TRTZ,12/1/2026,264932,Nat. Rubbers,,
NOKANDO4,TRTZ,1/1/2027,215707,Nat. Rubbers,,
NOKANDO4,ZASA,1/1/2026,0,Nat. Rubbers,,
NOKANDO4,ZASA,2/1/2026,0,Nat. Rubbers,,
NOKANDO4,ZASA,4/1/2026,2187,Nat. Rubbers,,
NOKANDO4,ZASA,5/1/2026,3128,Nat. Rubbers,,
NOKANDO4,ZASA,6/1/2026,2922,Nat. Rubbers,,
NOKANDO6,BEEX,1/1/2026,0,Nat. Rubbers,,
NOKANDO6,BEEX,2/1/2026,0,Nat. Rubbers,,
NOKANDO6,BEEX,3/1/2026,0,Nat. Rubbers,,
NOKANDO6,BEEX,4/1/2026,0,Nat. Rubbers,,
NOKANDO6,BEEX,5/1/2026,0,Nat. Rubbers,,
NOKANDO6,BEEX,6/1/2026,0,Nat. Rubbers,,
NOKANDO6,BEEX,7/1/2026,0,Nat. Rubbers,,
NOKANDO6,BEEX,8/1/2026,0,Nat. Rubbers,,
NOKANDO6,BEEX,9/1/2026,0,Nat. Rubbers,,
NOKANDO6,BEEX,10/1/2026,0,Nat. Rubbers,,
NOKANDO6,BEEX,11/1/2026,0,Nat. Rubbers,,
NOKANDO6,BEEX,12/1/2026,0,Nat. Rubbers,,
NOKANDO6,BEEX,1/1/2027,0,Nat. Rubbers,,
NOKANDO6,DEW1,1/1/2026,369,Nat. Rubbers,,
NOKANDO6,DEW1,2/1/2026,410,Nat. Rubbers,,
NOKANDO6,DEW1,3/1/2026,446,Nat. Rubbers,,
NOKANDO6,DEW1,4/1/2026,424,Nat. Rubbers,,
NOKANDO6,DEW1,5/1/2026,398,Nat. Rubbers,,
NOKANDO6,DEW1,6/1/2026,424,Nat. Rubbers,,
NOKANDO6,DEW1,7/1/2026,313,Nat. Rubbers,,
NOKANDO6,DEW1,8/1/2026,340,Nat. Rubbers,,
NOKANDO6,DEW1,9/1/2026,430,Nat. Rubbers,,
NOKANDO6,DEW1,10/1/2026,430,Nat. Rubbers,,
NOKANDO6,DEW1,11/1/2026,396,Nat. Rubbers,,
NOKANDO6,DEW1,12/1/2026,315,Nat. Rubbers,,
NOKANDO6,DEW1,1/1/2027,348,Nat. Rubbers,,
NOKANDO6,LUEX,1/1/2026,286627,Nat. Rubbers,,
NOKANDO6,LUEX,2/1/2026,335315,Nat. Rubbers,,
NOKANDO6,LUEX,3/1/2026,370526,Nat. Rubbers,,
NOKANDO6,LUEX,4/1/2026,387052,Nat. Rubbers,,
NOKANDO6,LUEX,5/1/2026,373768,Nat. Rubbers,,
NOKANDO6,LUEX,6/1/2026,400894,Nat. Rubbers,,
NOKANDO6,LUEX,7/1/2026,325767,Nat. Rubbers,,
NOKANDO6,LUEX,8/1/2026,303489,Nat. Rubbers,,
NOKANDO6,LUEX,9/1/2026,441654,Nat. Rubbers,,
NOKANDO6,LUEX,10/1/2026,466576,Nat. Rubbers,,
NOKANDO6,LUEX,11/1/2026,446021,Nat. Rubbers,,
NOKANDO6,LUEX,12/1/2026,362283,Nat. Rubbers,,
NOKANDO6,LUEX,1/1/2027,366856,Nat. Rubbers,,
NOKANDO6,SIS1,1/1/2026,0,Nat. Rubbers,,
NUNKO,FRM1,1/1/2026,0,Nat. Rubbers,,
NUNKO,LUEX,1/1/2026,0,Nat. Rubbers,,
NUNKO,ZASA,1/1/2026,2595,Nat. Rubbers,,
NUNKO,ZASA,2/1/2026,1103,Nat. Rubbers,,
NUNKO,ZASA,3/1/2026,1162,Nat. Rubbers,,
NUNKO,ZASA,4/1/2026,2023,Nat. Rubbers,,
NUNKO,ZASA,5/1/2026,983,Nat. Rubbers,,
NUNKO,ZASA,6/1/2026,250,Nat. Rubbers,,
NUNKO,ZASA,7/1/2026,3093,Nat. Rubbers,,
NUNKO,ZASA,8/1/2026,223,Nat. Rubbers,,
NUNKO,ZASA,9/1/2026,414,Nat. Rubbers,,
NUNKO,ZASA,10/1/2026,2293,Nat. Rubbers,,
NUNKO,ZASA,11/1/2026,1132,Nat. Rubbers,,
NUNKO,ZASA,12/1/2026,909,Nat. Rubbers,,
RR10,GBM1,1/1/2026,0,Nat. Rubbers,,
RR40,GBM1,1/1/2026,0,Nat. Rubbers,,
RR40,RSKR,1/1/2026,0,Nat. Rubbers,,
RR60,GBM1,1/1/2026,0,Nat. Rubbers,,
