Product,Location,Consumption,Forecast,Period,PurchasingGroupName
KAKARO,BEEX,0,0,7/1/2025,Nat. Rubbers
KAKARO,BEEX,0,0,8/1/2025,Nat. Rubbers
KAKARO,BEEX,0,0,9/1/2025,Nat. Rubbers
KAKARO,BEEX,0,0,10/1/2025,Nat. Rubbers
KAKARO,BEEX,0,0,11/1/2025,Nat. Rubbers
KAKARO,BEEX,0,0,12/1/2025,Nat. Rubbers
KAKARO,DEW1,66450,70046,7/1/2025,Nat. Rubbers
KAKARO,DEW1,27600,54251,8/1/2025,Nat. Rubbers
KAKARO,DEW1,4800,69,9/1/2025,Nat. Rubbers
KAKARO,DEW1,26400,15315,10/1/2025,Nat. Rubbers
KAKARO,DEW1,12000,16865,11/1/2025,Nat. Rubbers
KAKARO,DEW1,49200,28514,12/1/2025,Nat. Rubbers
KAKARO,FRM1,22800,18293,7/1/2025,Nat. Rubbers
KAKARO,FRM1,14400,24566,8/1/2025,Nat. Rubbers
KAKARO,FRM1,34800,21585,9/1/2025,Nat. Rubbers
KAKARO,FRM1,30000,0,10/1/2025,Nat. Rubbers
KAKARO,FRM1,19200,22994,11/1/2025,Nat. Rubbers
KAKARO,FRM1,27600,16435,12/1/2025,Nat. Rubbers
KAKARO,LUEX,115200,125222,7/1/2025,Nat. Rubbers
KAKARO,LUEX,96000,139677,8/1/2025,Nat. Rubbers
KAKARO,LUEX,136800,158617,9/1/2025,Nat. Rubbers
KAKARO,LUEX,124775,138240,10/1/2025,Nat. Rubbers
KAKARO,LUEX,98400,136680,11/1/2025,Nat. Rubbers
KAKARO,LUEX,72000,73613,12/1/2025,Nat. Rubbers
KAKARO,PLPL,24000,18895,7/1/2025,Nat. Rubbers
KAKARO,PLPL,4800,4323,8/1/2025,Nat. Rubbers
KAKARO,PLPL,0,0,10/1/2025,Nat. Rubbers
KAKARO,PLPL,2400,0,11/1/2025,Nat. Rubbers
KAKARO,PLPL,0,0,12/1/2025,Nat. Rubbers
KAKARO,SIS1,0,0,7/1/2025,Nat. Rubbers
KAKARO,SIS1,1200,0,8/1/2025,Nat. Rubbers
KAKARO,SIS1,70,0,9/1/2025,Nat. Rubbers
KAKARO,SIS1,0,0,10/1/2025,Nat. Rubbers
KAKARO,SIS1,470,0,11/1/2025,Nat. Rubbers
KAKARO,SIS1,660,0,12/1/2025,Nat. Rubbers
KAKARO,TRTU,32713,30304,7/1/2025,Nat. Rubbers
KAKARO,TRTU,63165,26739,8/1/2025,Nat. Rubbers
KAKARO,TRTU,45381,64578,9/1/2025,Nat. Rubbers
KAKARO,TRTU,28215,18770,10/1/2025,Nat. Rubbers
KAKARO,TRTU,0,19098,11/1/2025,Nat. Rubbers
KAKARO,TRTU,30800,0,12/1/2025,Nat. Rubbers
KAKARO,TRTZ,0,27046,7/1/2025,Nat. Rubbers
KAKARO,TRTZ,35139,27046,8/1/2025,Nat. Rubbers
KAKARO,TRTZ,43671,29311,9/1/2025,Nat. Rubbers
KAKARO,TRTZ,57429,47613,10/1/2025,Nat. Rubbers
KAKARO,TRTZ,75206,80658,11/1/2025,Nat. Rubbers
KAKARO,TRTZ,67460,97446,12/1/2025,Nat. Rubbers
KAKARO,ZASA,0,0,7/1/2025,Nat. Rubbers
KOKOMO,LUEX,3,0,7/1/2025,Nat. Rubbers
KOKOMO,LUEX,0,0,8/1/2025,Nat. Rubbers
KOKOMO,LUEX,0,0,9/1/2025,Nat. Rubbers
KOKOMO,LUEX,0,0,10/1/2025,Nat. Rubbers
KOKOMO,LUEX,0,0,11/1/2025,Nat. Rubbers
KOKOMO,LUEX,0,0,12/1/2025,Nat. Rubbers
NATURO,BEEX,0,0,10/1/2025,Nat. Rubbers
NATURO,BEEX,0,0,12/1/2025,Nat. Rubbers
NATURO,FRM1,0,12,9/1/2025,Nat. Rubbers
NATURO,FRM1,0,36,10/1/2025,Nat. Rubbers
NATURO,FRM1,0,109,11/1/2025,Nat. Rubbers
NATURO,FRM1,0,141,12/1/2025,Nat. Rubbers
NATURO,LUEX,0,6,10/1/2025,Nat. Rubbers
NATURO,LUEX,0,0,12/1/2025,Nat. Rubbers
NATURO,PLPL,857808,513444,7/1/2025,Nat. Rubbers
NATURO,PLPL,793800,413097,8/1/2025,Nat. Rubbers
NATURO,PLPL,799848,460081,9/1/2025,Nat. Rubbers
NATURO,PLPL,824904,715889,10/1/2025,Nat. Rubbers
NATURO,PLPL,733672,664190,11/1/2025,Nat. Rubbers
NATURO,PLPL,542835,519882,12/1/2025,Nat. Rubbers
NATURO,RSKR,228060,188947,7/1/2025,Nat. Rubbers
NATURO,RSKR,309960,278102,8/1/2025,Nat. Rubbers
NATURO,RSKR,303660,274085,9/1/2025,Nat. Rubbers
NATURO,RSKR,302400,290248,10/1/2025,Nat. Rubbers
NATURO,RSKR,260820,336411,11/1/2025,Nat. Rubbers
NATURO,RSKR,326340,301614,12/1/2025,Nat. Rubbers
NATURO,SIS1,244720,210148,7/1/2025,Nat. Rubbers
NATURO,SIS1,440850,328985,8/1/2025,Nat. Rubbers
NATURO,SIS1,362040,316156,9/1/2025,Nat. Rubbers
NATURO,SIS1,296842,288780,10/1/2025,Nat. Rubbers
NATURO,SIS1,317688,284042,11/1/2025,Nat. Rubbers
NATURO,SIS1,204120,218525,12/1/2025,Nat. Rubbers
NATURO,TRTU,72380,176217,7/1/2025,Nat. Rubbers
NATURO,TRTU,282240,163849,8/1/2025,Nat. Rubbers
NATURO,TRTU,326060,470615,9/1/2025,Nat. Rubbers
NATURO,TRTU,277970,193385,10/1/2025,Nat. Rubbers
NATURO,TRTU,444030,301390,11/1/2025,Nat. Rubbers
NATURO,TRTU,439775,413066,12/1/2025,Nat. Rubbers
NATURO,TRTZ,705600,595547,7/1/2025,Nat. Rubbers
NATURO,TRTZ,677250,616149,8/1/2025,Nat. Rubbers
NATURO,TRTZ,853650,641272,9/1/2025,Nat. Rubbers
NATURO,TRTZ,688800,627537,10/1/2025,Nat. Rubbers
NATURO,TRTZ,749700,866543,11/1/2025,Nat. Rubbers
NATURO,TRTZ,793380,781815,12/1/2025,Nat. Rubbers
NATURO,ZASA,354060,350397,7/1/2025,Nat. Rubbers
NATURO,ZASA,34020,171720,8/1/2025,Nat. Rubbers
NATURO,ZASA,0,287605,9/1/2025,Nat. Rubbers
NATURO,ZASA,-42840,0,10/1/2025,Nat. Rubbers
NATURO,ZASA,0,23563,11/1/2025,Nat. Rubbers
NATURO,ZASA,17640,42493,12/1/2025,Nat. Rubbers
NATURO1,BEEX,0,0,7/1/2025,Nat. Rubbers
NATURO1,BEEX,0,0,8/1/2025,Nat. Rubbers
NATURO1,BEEX,0,0,9/1/2025,Nat. Rubbers
NATURO1,BEEX,0,0,10/1/2025,Nat. Rubbers
NATURO1,BEEX,0,0,11/1/2025,Nat. Rubbers
NATURO1,BEEX,0,0,12/1/2025,Nat. Rubbers
NATURO1,DEF1,0,0,8/1/2025,Nat. Rubbers
NATURO1,DEF2,477540,382066,7/1/2025,Nat. Rubbers
NATURO1,DEF2,564480,425620,8/1/2025,Nat. Rubbers
NATURO1,DEF2,548100,407921,9/1/2025,Nat. Rubbers
NATURO1,DEF2,514080,418743,10/1/2025,Nat. Rubbers
NATURO1,DEF2,475020,457573,11/1/2025,Nat. Rubbers
NATURO1,DEF2,207900,347907,12/1/2025,Nat. Rubbers
NATURO1,DEH1,54355,40962,7/1/2025,Nat. Rubbers
NATURO1,DEH1,34160,36892,8/1/2025,Nat. Rubbers
NATURO1,DEH1,49385,36486,9/1/2025,Nat. Rubbers
NATURO1,DEH1,37450,36400,10/1/2025,Nat. Rubbers
NATURO1,DEH1,38220,39143,11/1/2025,Nat. Rubbers
NATURO1,DEH1,26880,27995,12/1/2025,Nat. Rubbers
NATURO1,DEW1,90720,101440,7/1/2025,Nat. Rubbers
NATURO1,DEW1,97020,94562,8/1/2025,Nat. Rubbers
NATURO1,DEW1,78120,92075,9/1/2025,Nat. Rubbers
NATURO1,DEW1,76860,94840,10/1/2025,Nat. Rubbers
NATURO1,DEW1,40320,49473,11/1/2025,Nat. Rubbers
NATURO1,DEW1,21420,20643,12/1/2025,Nat. Rubbers
NATURO1,FRA1,0,0,7/1/2025,Nat. Rubbers
NATURO1,FRA1,0,0,8/1/2025,Nat. Rubbers
NATURO1,FRA1,0,0,9/1/2025,Nat. Rubbers
NATURO1,FRA1,0,0,10/1/2025,Nat. Rubbers
NATURO1,FRA1,0,0,11/1/2025,Nat. Rubbers
NATURO1,FRA1,0,0,12/1/2025,Nat. Rubbers
NATURO1,LUEX,294840,505226,7/1/2025,Nat. Rubbers
NATURO1,LUEX,289800,466479,8/1/2025,Nat. Rubbers
NATURO1,LUEX,589680,620696,9/1/2025,Nat. Rubbers
NATURO1,LUEX,385940,563379,10/1/2025,Nat. Rubbers
NATURO1,LUEX,292320,601979,11/1/2025,Nat. Rubbers
NATURO1,LUEX,204120,272184,12/1/2025,Nat. Rubbers
NATURO1,PLPL,0,0,7/1/2025,Nat. Rubbers
NATURO1,RSKR,0,0,7/1/2025,Nat. Rubbers
NATURO2,BEEX,0,0,7/1/2025,Nat. Rubbers
NATURO2,BEEX,0,0,8/1/2025,Nat. Rubbers
NATURO2,BEEX,0,0,9/1/2025,Nat. Rubbers
NATURO2,BEEX,0,0,10/1/2025,Nat. Rubbers
NATURO2,BEEX,0,0,11/1/2025,Nat. Rubbers
NATURO2,BEEX,0,0,12/1/2025,Nat. Rubbers
NATURO2,FRM1,32760,20837,7/1/2025,Nat. Rubbers
NATURO2,FRM1,20160,15378,8/1/2025,Nat. Rubbers
NATURO2,FRM1,28980,22393,9/1/2025,Nat. Rubbers
NATURO2,FRM1,27720,23498,10/1/2025,Nat. Rubbers
NATURO2,FRM1,25200,18513,11/1/2025,Nat. Rubbers
NATURO2,FRM1,32760,14450,12/1/2025,Nat. Rubbers
NATURO2,LUEX,0,0,7/1/2025,Nat. Rubbers
NATURO2,LUEX,0,0,8/1/2025,Nat. Rubbers
NATURO2,LUEX,0,0,9/1/2025,Nat. Rubbers
NATURO2,LUEX,0,0,10/1/2025,Nat. Rubbers
NATURO2,LUEX,0,0,11/1/2025,Nat. Rubbers
NATURO2,LUEX,0,0,12/1/2025,Nat. Rubbers
NATURO3,BEEX,0,0,8/1/2025,Nat. Rubbers
NATURO3,BEEX,0,0,10/1/2025,Nat. Rubbers
NATURO3,BEEX,0,0,11/1/2025,Nat. Rubbers
NATURO3,BEEX,0,0,12/1/2025,Nat. Rubbers
NATURO3,DEF1,45360,65374,7/1/2025,Nat. Rubbers
NATURO3,DEF1,90720,129809,8/1/2025,Nat. Rubbers
NATURO3,DEF1,49140,120028,9/1/2025,Nat. Rubbers
NATURO3,DEW1,0,0,10/1/2025,Nat. Rubbers
NATURO3,DEW1,0,0,11/1/2025,Nat. Rubbers
NATURO3,DEW1,0,0,12/1/2025,Nat. Rubbers
NATURO3,LUEX,0,0,7/1/2025,Nat. Rubbers
NATURO3,LUEX,0,0,8/1/2025,Nat. Rubbers
NATURO3,LUEX,0,0,9/1/2025,Nat. Rubbers
NATURO3,LUEX,0,0,10/1/2025,Nat. Rubbers
NATURO3,LUEX,0,0,11/1/2025,Nat. Rubbers
NATURO3,LUEX,0,0,12/1/2025,Nat. Rubbers
NATURO4,LUEX,0,0,7/1/2025,Nat. Rubbers
NATURO4,LUEX,0,0,8/1/2025,Nat. Rubbers
NATURO4,LUEX,0,0,9/1/2025,Nat. Rubbers
NATURO4,LUEX,0,0,10/1/2025,Nat. Rubbers
NATURO4,LUEX,0,0,11/1/2025,Nat. Rubbers
NATURO4,LUEX,0,0,12/1/2025,Nat. Rubbers
NEUDRO,BEEX,0,0,10/1/2025,Nat. Rubbers
NEUDRO,BEEX,0,0,11/1/2025,Nat. Rubbers
NEUDRO,BEEX,0,0,12/1/2025,Nat. Rubbers
NEUDRO,LUEX,0,0,9/1/2025,Nat. Rubbers
NEUDRO,LUEX,0,0,12/1/2025,Nat. Rubbers
NEUDRO,SIS1,254410,239196,7/1/2025,Nat. Rubbers
NEUDRO,SIS1,480235,436350,8/1/2025,Nat. Rubbers
NEUDRO,SIS1,436885,443761,9/1/2025,Nat. Rubbers
NEUDRO,SIS1,384535,429642,10/1/2025,Nat. Rubbers
NEUDRO,SIS1,260015,244228,11/1/2025,Nat. Rubbers
NEUDRO,SIS1,198390,172265,12/1/2025,Nat. Rubbers
NEUDRO,TRTU,0,9424,7/1/2025,Nat. Rubbers
NEUDRO,TRTU,33600,9299,8/1/2025,Nat. Rubbers
NEUDRO,TRTU,41360,97794,9/1/2025,Nat. Rubbers
NEUDRO,TRTU,52080,46824,10/1/2025,Nat. Rubbers
NEUDRO,TRTU,100415,33179,11/1/2025,Nat. Rubbers
NEUDRO,TRTU,103600,112588,12/1/2025,Nat. Rubbers
NEUDRO,ZASA,113400,123952,7/1/2025,Nat. Rubbers
NEUDRO,ZASA,12600,60814,8/1/2025,Nat. Rubbers
NEUDRO,ZASA,0,109881,9/1/2025,Nat. Rubbers
NEUDRO,ZASA,-8820,0,10/1/2025,Nat. Rubbers
NEUDRO,ZASA,0,333,11/1/2025,Nat. Rubbers
NEUDRO,ZASA,0,6362,12/1/2025,Nat. Rubbers
NEUDRO1,BEEX,0,0,7/1/2025,Nat. Rubbers
NEUDRO1,BEEX,0,0,8/1/2025,Nat. Rubbers
NEUDRO1,BEEX,0,0,9/1/2025,Nat. Rubbers
NEUDRO1,BEEX,0,0,10/1/2025,Nat. Rubbers
NEUDRO1,BEEX,0,0,11/1/2025,Nat. Rubbers
NEUDRO1,BEEX,0,0,12/1/2025,Nat. Rubbers
NEUDRO1,DEF2,109620,209577,7/1/2025,Nat. Rubbers
NEUDRO1,DEF2,165060,251405,8/1/2025,Nat. Rubbers
NEUDRO1,DEF2,127260,233157,9/1/2025,Nat. Rubbers
NEUDRO1,DEF2,151200,141274,10/1/2025,Nat. Rubbers
NEUDRO1,DEF2,149940,166839,11/1/2025,Nat. Rubbers
NEUDRO1,DEF2,272160,133566,12/1/2025,Nat. Rubbers
NEUDRO1,DEH1,198331,130959,7/1/2025,Nat. Rubbers
NEUDRO1,DEH1,201990,136507,8/1/2025,Nat. Rubbers
NEUDRO1,DEH1,218949,147516,9/1/2025,Nat. Rubbers
NEUDRO1,DEH1,219069,179104,10/1/2025,Nat. Rubbers
NEUDRO1,DEH1,272522,254075,11/1/2025,Nat. Rubbers
NEUDRO1,DEH1,150181,192395,12/1/2025,Nat. Rubbers
NEUDRO1,DEW1,225540,207810,7/1/2025,Nat. Rubbers
NEUDRO1,DEW1,162540,181212,8/1/2025,Nat. Rubbers
NEUDRO1,DEW1,190260,170874,9/1/2025,Nat. Rubbers
NEUDRO1,DEW1,167580,157444,10/1/2025,Nat. Rubbers
NEUDRO1,DEW1,126000,174804,11/1/2025,Nat. Rubbers
NEUDRO1,DEW1,104580,124423,12/1/2025,Nat. Rubbers
NEUDRO1,FRM1,144900,131707,7/1/2025,Nat. Rubbers
NEUDRO1,FRM1,45360,71236,8/1/2025,Nat. Rubbers
NEUDRO1,FRM1,162540,121362,9/1/2025,Nat. Rubbers
NEUDRO1,FRM1,122220,105670,10/1/2025,Nat. Rubbers
NEUDRO1,FRM1,182700,162477,11/1/2025,Nat. Rubbers
NEUDRO1,FRM1,110880,107591,12/1/2025,Nat. Rubbers
NEUDRO1,LUEX,197855,70859,7/1/2025,Nat. Rubbers
NEUDRO1,LUEX,133525,110448,8/1/2025,Nat. Rubbers
NEUDRO1,LUEX,103320,133966,9/1/2025,Nat. Rubbers
NEUDRO1,LUEX,161140,171183,10/1/2025,Nat. Rubbers
NEUDRO1,LUEX,108360,93259,11/1/2025,Nat. Rubbers
NEUDRO1,LUEX,119700,94569,12/1/2025,Nat. Rubbers
NEUDRO1,LULU,0,0,11/1/2025,Nat. Rubbers
NEUDRO1,SIS1,2520,0,10/1/2025,Nat. Rubbers
NEUDRO3,BEEX,0,0,7/1/2025,Nat. Rubbers
NEUDRO3,BEEX,0,0,8/1/2025,Nat. Rubbers
NEUDRO3,BEEX,0,0,12/1/2025,Nat. Rubbers
NEUDRO3,DEF1,20160,37468,7/1/2025,Nat. Rubbers
NEUDRO3,DEF1,55440,69606,8/1/2025,Nat. Rubbers
NEUDRO3,DEF1,15120,64080,9/1/2025,Nat. Rubbers
NEUDRO3,DEF1,0,0,10/1/2025,Nat. Rubbers
NEUDRO3,DEF1,0,0,11/1/2025,Nat. Rubbers
NEUDRO3,DEH1,0,16610,7/1/2025,Nat. Rubbers
NEUDRO3,DEH1,0,20189,8/1/2025,Nat. Rubbers
NEUDRO3,DEH1,0,22206,9/1/2025,Nat. Rubbers
NEUDRO3,DEH1,0,23026,10/1/2025,Nat. Rubbers
NEUDRO3,DEH1,0,21720,11/1/2025,Nat. Rubbers
NEUDRO3,DEH1,0,34371,12/1/2025,Nat. Rubbers
NEUDRO3,FRA1,262080,258743,7/1/2025,Nat. Rubbers
NEUDRO3,FRA1,258300,242984,8/1/2025,Nat. Rubbers
NEUDRO3,FRA1,376740,340641,9/1/2025,Nat. Rubbers
NEUDRO3,FRA1,438480,355140,10/1/2025,Nat. Rubbers
NEUDRO3,FRA1,457380,368922,11/1/2025,Nat. Rubbers
NEUDRO3,FRA1,206640,235821,12/1/2025,Nat. Rubbers
NEUDRO3,LUEX,0,0,7/1/2025,Nat. Rubbers
NEUDRO3,LUEX,0,0,8/1/2025,Nat. Rubbers
NEUDRO3,LUEX,0,0,9/1/2025,Nat. Rubbers
NEUDRO3,LUEX,0,0,10/1/2025,Nat. Rubbers
NEUDRO3,LUEX,0,0,11/1/2025,Nat. Rubbers
NEUDRO3,LUEX,0,0,12/1/2025,Nat. Rubbers
NEUDRO8,BEEX,0,0,7/1/2025,Nat. Rubbers
NEUDRO8,BEEX,0,0,8/1/2025,Nat. Rubbers
NEUDRO8,BEEX,0,0,9/1/2025,Nat. Rubbers
NEUDRO8,BEEX,0,0,10/1/2025,Nat. Rubbers
NEUDRO8,BEEX,0,0,11/1/2025,Nat. Rubbers
NEUDRO8,BEEX,0,0,12/1/2025,Nat. Rubbers
NEUDRO8,LUEX,0,2602,7/1/2025,Nat. Rubbers
NEUDRO8,LUEX,0,1951,8/1/2025,Nat. Rubbers
NEUDRO8,LUEX,0,1590,9/1/2025,Nat. Rubbers
NEUDRO8,LUEX,0,299,10/1/2025,Nat. Rubbers
NEUDRO8,LUEX,0,83,11/1/2025,Nat. Rubbers
NEUDRO8,LUEX,0,0,12/1/2025,Nat. Rubbers
NIMBO,PLPL,0,0,7/1/2025,Nat. Rubbers
NIMBO,PLPL,0,0,8/1/2025,Nat. Rubbers
NIMBO,PLPL,0,0,9/1/2025,Nat. Rubbers
NIMBO,PLPL,0,0,10/1/2025,Nat. Rubbers
NIMBO,PLPL,0,0,11/1/2025,Nat. Rubbers
NIMBO,PLPL,0,0,12/1/2025,Nat. Rubbers
NIMBO,SIS1,0,0,7/1/2025,Nat. Rubbers
NIMBO,SIS1,0,0,8/1/2025,Nat. Rubbers
NIMBO,SIS1,0,0,9/1/2025,Nat. Rubbers
NIMBO,SIS1,0,0,10/1/2025,Nat. Rubbers
NIMBO,SIS1,0,0,11/1/2025,Nat. Rubbers
NIMBO,SIS1,0,0,12/1/2025,Nat. Rubbers
NIMBO5,BEEX,0,0,7/1/2025,Nat. Rubbers
NIMBO5,BEEX,0,0,8/1/2025,Nat. Rubbers
NIMBO5,BEEX,0,0,9/1/2025,Nat. Rubbers
NIMBO5,BEEX,0,0,10/1/2025,Nat. Rubbers
NIMBO5,BEEX,0,0,11/1/2025,Nat. Rubbers
NIMBO5,BEEX,0,0,12/1/2025,Nat. Rubbers
NOKANDO,DEF2,0,0,7/1/2025,Nat. Rubbers
NOKANDO,GBM1,0,0,7/1/2025,Nat. Rubbers
NOKANDO,GBM1,0,0,8/1/2025,Nat. Rubbers
NOKANDO,GBM1,0,0,9/1/2025,Nat. Rubbers
NOKANDO,GBM1,0,0,10/1/2025,Nat. Rubbers
NOKANDO,GBM1,0,0,11/1/2025,Nat. Rubbers
NOKANDO,GBM1,0,0,12/1/2025,Nat. Rubbers
NOKANDO,LUEX,0,0,7/1/2025,Nat. Rubbers
NOKANDO,LUEX,0,0,10/1/2025,Nat. Rubbers
NOKANDO,LUEX,0,0,11/1/2025,Nat. Rubbers
NOKANDO,LUEX,0,0,12/1/2025,Nat. Rubbers
NOKANDO,PLPL,1736413,1949990,7/1/2025,Nat. Rubbers
NOKANDO,PLPL,2343600,1993381,8/1/2025,Nat. Rubbers
NOKANDO,PLPL,2470608,2272201,9/1/2025,Nat. Rubbers
NOKANDO,PLPL,2523375,2107946,10/1/2025,Nat. Rubbers
NOKANDO,PLPL,2039085,1974745,11/1/2025,Nat. Rubbers
NOKANDO,PLPL,1825448,1395643,12/1/2025,Nat. Rubbers
NOKANDO,RSKR,143640,147709,7/1/2025,Nat. Rubbers
NOKANDO,RSKR,201600,168965,8/1/2025,Nat. Rubbers
NOKANDO,RSKR,181440,178112,9/1/2025,Nat. Rubbers
NOKANDO,RSKR,246960,180848,10/1/2025,Nat. Rubbers
NOKANDO,RSKR,181440,168138,11/1/2025,Nat. Rubbers
NOKANDO,RSKR,200340,185695,12/1/2025,Nat. Rubbers
NOKANDO,SIS1,0,0,7/1/2025,Nat. Rubbers
NOKANDO,SIS1,0,0,8/1/2025,Nat. Rubbers
NOKANDO,TRTU,35770,89211,7/1/2025,Nat. Rubbers
NOKANDO,TRTU,235620,90368,8/1/2025,Nat. Rubbers
NOKANDO,TRTU,252210,219223,9/1/2025,Nat. Rubbers
NOKANDO,TRTU,147805,121413,10/1/2025,Nat. Rubbers
NOKANDO,TRTU,258345,243836,11/1/2025,Nat. Rubbers
NOKANDO,TRTU,246234,278707,12/1/2025,Nat. Rubbers
NOKANDO,TRTZ,462000,466619,7/1/2025,Nat. Rubbers
NOKANDO,TRTZ,679350,472790,8/1/2025,Nat. Rubbers
NOKANDO,TRTZ,657055,524345,9/1/2025,Nat. Rubbers
NOKANDO,TRTZ,452550,481737,10/1/2025,Nat. Rubbers
NOKANDO,TRTZ,551250,672078,11/1/2025,Nat. Rubbers
NOKANDO,TRTZ,590100,529693,12/1/2025,Nat. Rubbers
NOKANDO2,BEEX,0,0,7/1/2025,Nat. Rubbers
NOKANDO2,BEEX,0,0,8/1/2025,Nat. Rubbers
NOKANDO2,BEEX,0,0,9/1/2025,Nat. Rubbers
NOKANDO2,BEEX,0,0,10/1/2025,Nat. Rubbers
NOKANDO2,BEEX,0,0,11/1/2025,Nat. Rubbers
NOKANDO2,BEEX,160,0,12/1/2025,Nat. Rubbers
NOKANDO2,DEF2,166320,128421,7/1/2025,Nat. Rubbers
NOKANDO2,DEF2,128520,119963,8/1/2025,Nat. Rubbers
NOKANDO2,DEF2,99540,88221,9/1/2025,Nat. Rubbers
NOKANDO2,DEF2,93240,89770,10/1/2025,Nat. Rubbers
NOKANDO2,DEF2,112140,105335,11/1/2025,Nat. Rubbers
NOKANDO2,DEF2,73080,91664,12/1/2025,Nat. Rubbers
NOKANDO2,DEH1,246451,202567,7/1/2025,Nat. Rubbers
NOKANDO2,DEH1,249573,222212,8/1/2025,Nat. Rubbers
NOKANDO2,DEH1,303012,248533,9/1/2025,Nat. Rubbers
NOKANDO2,DEH1,324318,213245,10/1/2025,Nat. Rubbers
NOKANDO2,DEH1,305307,278995,11/1/2025,Nat. Rubbers
NOKANDO2,DEH1,209446,220825,12/1/2025,Nat. Rubbers
NOKANDO2,DEW1,1556100,1422103,7/1/2025,Nat. Rubbers
NOKANDO2,DEW1,1365840,1303417,8/1/2025,Nat. Rubbers
NOKANDO2,DEW1,1942920,1713954,9/1/2025,Nat. Rubbers
NOKANDO2,DEW1,1854720,1595859,10/1/2025,Nat. Rubbers
NOKANDO2,DEW1,1627920,1806368,11/1/2025,Nat. Rubbers
NOKANDO2,DEW1,1707300,1385241,12/1/2025,Nat. Rubbers
NOKANDO2,FRA1,0,0,7/1/2025,Nat. Rubbers
NOKANDO2,FRA1,0,0,8/1/2025,Nat. Rubbers
NOKANDO2,FRA1,0,0,9/1/2025,Nat. Rubbers
NOKANDO2,FRA1,0,0,10/1/2025,Nat. Rubbers
NOKANDO2,FRA1,0,0,11/1/2025,Nat. Rubbers
NOKANDO2,FRA1,0,0,12/1/2025,Nat. Rubbers
NOKANDO2,FRM1,151200,53165,7/1/2025,Nat. Rubbers
NOKANDO2,FRM1,83160,81748,8/1/2025,Nat. Rubbers
NOKANDO2,FRM1,136080,162555,9/1/2025,Nat. Rubbers
NOKANDO2,FRM1,151200,97197,10/1/2025,Nat. Rubbers
NOKANDO2,FRM1,128520,111833,11/1/2025,Nat. Rubbers
NOKANDO2,FRM1,97020,72682,12/1/2025,Nat. Rubbers
NOKANDO2,LUEX,1818180,2380618,7/1/2025,Nat. Rubbers
NOKANDO2,LUEX,1441440,2302167,8/1/2025,Nat. Rubbers
NOKANDO2,LUEX,1883700,2951534,9/1/2025,Nat. Rubbers
NOKANDO2,LUEX,2613240,3131845,10/1/2025,Nat. Rubbers
NOKANDO2,LUEX,2356200,3008668,11/1/2025,Nat. Rubbers
NOKANDO2,LUEX,2106720,2411153,12/1/2025,Nat. Rubbers
NOKANDO2,PLPL,0,0,7/1/2025,Nat. Rubbers
NOKANDO2,RSKR,0,0,8/1/2025,Nat. Rubbers
NOKANDO2,SIS1,454720,436768,7/1/2025,Nat. Rubbers
NOKANDO2,SIS1,786153,703466,8/1/2025,Nat. Rubbers
NOKANDO2,SIS1,851985,703157,9/1/2025,Nat. Rubbers
NOKANDO2,SIS1,925043,900337,10/1/2025,Nat. Rubbers
NOKANDO2,SIS1,994035,1028314,11/1/2025,Nat. Rubbers
NOKANDO2,SIS1,751485,766536,12/1/2025,Nat. Rubbers
NOKANDO4,BEEX,0,0,7/1/2025,Nat. Rubbers
NOKANDO4,BEEX,0,0,8/1/2025,Nat. Rubbers
NOKANDO4,BEEX,0,0,9/1/2025,Nat. Rubbers
NOKANDO4,BEEX,0,0,10/1/2025,Nat. Rubbers
NOKANDO4,BEEX,0,0,11/1/2025,Nat. Rubbers
NOKANDO4,BEEX,0,0,12/1/2025,Nat. Rubbers
NOKANDO4,DEF1,52920,41277,7/1/2025,Nat. Rubbers
NOKANDO4,DEF1,50400,84095,8/1/2025,Nat. Rubbers
NOKANDO4,DEF1,22680,90333,9/1/2025,Nat. Rubbers
NOKANDO4,DEF1,0,55,10/1/2025,Nat. Rubbers
NOKANDO4,DEW1,400664,437798,7/1/2025,Nat. Rubbers
NOKANDO4,DEW1,558180,427241,8/1/2025,Nat. Rubbers
NOKANDO4,DEW1,467460,411154,9/1/2025,Nat. Rubbers
NOKANDO4,DEW1,514080,414999,10/1/2025,Nat. Rubbers
NOKANDO4,DEW1,428400,476515,11/1/2025,Nat. Rubbers
NOKANDO4,DEW1,441000,363486,12/1/2025,Nat. Rubbers
NOKANDO4,LUEX,0,0,7/1/2025,Nat. Rubbers
NOKANDO4,LUEX,0,0,8/1/2025,Nat. Rubbers
NOKANDO4,LUEX,0,0,9/1/2025,Nat. Rubbers
NOKANDO4,LUEX,0,0,10/1/2025,Nat. Rubbers
NOKANDO4,LUEX,0,0,11/1/2025,Nat. Rubbers
NOKANDO4,LUEX,0,0,12/1/2025,Nat. Rubbers
NOKANDO4,PLPL,416304,492901,7/1/2025,Nat. Rubbers
NOKANDO4,PLPL,590184,425295,8/1/2025,Nat. Rubbers
NOKANDO4,PLPL,524160,433097,9/1/2025,Nat. Rubbers
NOKANDO4,PLPL,549864,492877,10/1/2025,Nat. Rubbers
NOKANDO4,PLPL,454148,487738,11/1/2025,Nat. Rubbers
NOKANDO4,PLPL,483040,388438,12/1/2025,Nat. Rubbers
NOKANDO4,RSKR,64260,68318,7/1/2025,Nat. Rubbers
NOKANDO4,RSKR,41580,96416,8/1/2025,Nat. Rubbers
NOKANDO4,RSKR,54180,95351,9/1/2025,Nat. Rubbers
NOKANDO4,RSKR,21420,89229,10/1/2025,Nat. Rubbers
NOKANDO4,RSKR,51660,103602,11/1/2025,Nat. Rubbers
NOKANDO4,RSKR,16380,37244,12/1/2025,Nat. Rubbers
NOKANDO4,SIS1,164640,209713,7/1/2025,Nat. Rubbers
NOKANDO4,SIS1,301980,242283,8/1/2025,Nat. Rubbers
NOKANDO4,SIS1,267120,217908,9/1/2025,Nat. Rubbers
NOKANDO4,SIS1,266280,264715,10/1/2025,Nat. Rubbers
NOKANDO4,SIS1,261240,274250,11/1/2025,Nat. Rubbers
NOKANDO4,SIS1,222600,231124,12/1/2025,Nat. Rubbers
NOKANDO4,TRTZ,300300,224043,7/1/2025,Nat. Rubbers
NOKANDO4,TRTZ,225750,221949,8/1/2025,Nat. Rubbers
NOKANDO4,TRTZ,194880,218622,9/1/2025,Nat. Rubbers
NOKANDO4,TRTZ,270900,217367,10/1/2025,Nat. Rubbers
NOKANDO4,TRTZ,228900,210509,11/1/2025,Nat. Rubbers
NOKANDO4,TRTZ,239400,217204,12/1/2025,Nat. Rubbers
NOKANDO4,ZASA,20160,35388,7/1/2025,Nat. Rubbers
NOKANDO4,ZASA,2520,13883,8/1/2025,Nat. Rubbers
NOKANDO4,ZASA,0,21892,9/1/2025,Nat. Rubbers
NOKANDO4,ZASA,-8820,0,10/1/2025,Nat. Rubbers
NOKANDO4,ZASA,0,2823,11/1/2025,Nat. Rubbers
NOKANDO4,ZASA,4130,5118,12/1/2025,Nat. Rubbers
NOKANDO6,BEEX,0,0,7/1/2025,Nat. Rubbers
NOKANDO6,BEEX,0,0,8/1/2025,Nat. Rubbers
NOKANDO6,BEEX,0,0,9/1/2025,Nat. Rubbers
NOKANDO6,BEEX,0,0,10/1/2025,Nat. Rubbers
NOKANDO6,BEEX,0,0,11/1/2025,Nat. Rubbers
NOKANDO6,BEEX,0,0,12/1/2025,Nat. Rubbers
NOKANDO6,DEW1,0,338,7/1/2025,Nat. Rubbers
NOKANDO6,DEW1,0,349,8/1/2025,Nat. Rubbers
NOKANDO6,DEW1,0,435,9/1/2025,Nat. Rubbers
NOKANDO6,DEW1,0,443,10/1/2025,Nat. Rubbers
NOKANDO6,DEW1,0,419,11/1/2025,Nat. Rubbers
NOKANDO6,DEW1,0,321,12/1/2025,Nat. Rubbers
NOKANDO6,LUEX,176400,171577,7/1/2025,Nat. Rubbers
NOKANDO6,LUEX,143640,145033,8/1/2025,Nat. Rubbers
NOKANDO6,LUEX,386820,299794,9/1/2025,Nat. Rubbers
NOKANDO6,LUEX,332640,302811,10/1/2025,Nat. Rubbers
NOKANDO6,LUEX,309960,295986,11/1/2025,Nat. Rubbers
NOKANDO6,LUEX,269640,250904,12/1/2025,Nat. Rubbers
NOKANDO6,SIS1,840,0,7/1/2025,Nat. Rubbers
NOKANDO6,SIS1,2180,0,8/1/2025,Nat. Rubbers
NOKANDO6,SIS1,2100,0,9/1/2025,Nat. Rubbers
NOKANDO6,SIS1,0,0,10/1/2025,Nat. Rubbers
NOKANDO6,SIS1,7080,0,11/1/2025,Nat. Rubbers
NOKANDO6,SIS1,60,0,12/1/2025,Nat. Rubbers
NUNKO,FRM1,0,0,7/1/2025,Nat. Rubbers
NUNKO,FRM1,0,0,8/1/2025,Nat. Rubbers
NUNKO,FRM1,0,0,9/1/2025,Nat. Rubbers
NUNKO,FRM1,0,0,10/1/2025,Nat. Rubbers
NUNKO,FRM1,0,0,11/1/2025,Nat. Rubbers
NUNKO,FRM1,1260,0,12/1/2025,Nat. Rubbers
NUNKO,LUEX,0,0,7/1/2025,Nat. Rubbers
NUNKO,LUEX,0,0,8/1/2025,Nat. Rubbers
NUNKO,LUEX,0,0,9/1/2025,Nat. Rubbers
NUNKO,LUEX,0,12,10/1/2025,Nat. Rubbers
NUNKO,LUEX,1260,0,11/1/2025,Nat. Rubbers
NUNKO,LUEX,0,0,12/1/2025,Nat. Rubbers
NUNKO,ZASA,0,2293,7/1/2025,Nat. Rubbers
NUNKO,ZASA,0,1439,8/1/2025,Nat. Rubbers
NUNKO,ZASA,0,1996,9/1/2025,Nat. Rubbers
NUNKO,ZASA,-1712,206,10/1/2025,Nat. Rubbers
NUNKO,ZASA,0,144,11/1/2025,Nat. Rubbers
NUNKO,ZASA,337,1033,12/1/2025,Nat. Rubbers
RR10,GBM1,0,0,7/1/2025,Nat. Rubbers
RR10,GBM1,0,0,8/1/2025,Nat. Rubbers
RR10,GBM1,0,0,9/1/2025,Nat. Rubbers
RR10,GBM1,0,0,10/1/2025,Nat. Rubbers
RR10,GBM1,0,0,11/1/2025,Nat. Rubbers
RR10,GBM1,0,0,12/1/2025,Nat. Rubbers
RR40,GBM1,0,0,7/1/2025,Nat. Rubbers
RR40,GBM1,0,0,8/1/2025,Nat. Rubbers
RR40,GBM1,0,0,9/1/2025,Nat. Rubbers
RR40,GBM1,0,0,10/1/2025,Nat. Rubbers
RR40,GBM1,0,0,11/1/2025,Nat. Rubbers
RR40,GBM1,0,0,12/1/2025,Nat. Rubbers
RR60,GBM1,0,0,7/1/2025,Nat. Rubbers
RR60,GBM1,0,0,8/1/2025,Nat. Rubbers
RR60,GBM1,0,0,9/1/2025,Nat. Rubbers
RR60,GBM1,0,0,10/1/2025,Nat. Rubbers
RR60,GBM1,0,0,11/1/2025,Nat. Rubbers
RR60,GBM1,0,0,12/1/2025,Nat. Rubbers
