Material ID,Plant ID,Month/Year,Stock,in/transit,Open PO
KAKARO,LUL1,02/01/25,0,0,0
KAKARO,BEEX,02/01/25,192000,0,0
KAKARO,TRTU,02/01/25,38400,0,0
KAKARO,TRTU,03/01/25,51600,0,0
KAKARO,BEEX,03/01/25,652800,0,0
KAKARO,LUL1,03/01/25,0,0,0
KAKARO,TRTZ,04/01/25,1498,0,0
KAKARO,DEW1,04/01/25,0,0,0
KAKARO,TRTU,04/01/25,51600,0,0
KAKARO,BEEX,04/01/25,748800,0,0
KAKARO,LUL1,04/01/25,0,0,0
KAKARO,TRTU,05/01/25,86232,0,0
KAKARO,SIS1,05/01/25,6800,0,0
KAKARO,BEEX,05/01/25,667200,0,0
KAKARO,DEW1,05/01/25,48000,0,0
KAKARO,LUL1,05/01/25,0,0,0
KAKARO,FRM1,05/01/25,0,0,0
KAKARO,SIS1,06/01/25,6000,0,0
KAKARO,DEW1,06/01/25,0,0,0
KAKARO,FRM1,06/01/25,0,0,0
KAKARO,LUL1,06/01/25,0,0,0
KAKARO,BEEX,06/01/25,627600,0,0
KAKARO,TRTU,06/01/25,8200,0,0
KAKARO,TRTZ,06/01/25,5313,0,0
KAKARO,DEW1,07/01/25,0,0,0
KAKARO,TRTZ,07/01/25,0,0,0
KAKARO,FRM1,07/01/25,19200,0,0
KAKARO,TRTU,07/01/25,0,0,0
KAKARO,LUEX,07/01/25,201600,0,0
KAKARO,BEEX,07/01/25,397200,0,0
KAKARO,SIS1,07/01/25,6000,0,0
KAKARO,LUL1,07/01/25,0,0,0
KAKARO,ZASA,07/01/25,0,1200,0
KAKARO,TRTZ,08/01/25,0,0,0
KAKARO,DEW1,08/01/25,0,0,0
KAKARO,LUL1,08/01/25,0,0,0
KAKARO,TRTU,08/01/25,115200,0,0
KAKARO,LUEX,08/01/25,184800,0,0
KAKARO,BEEX,08/01/25,378000,0,0
KAKARO,SIS1,08/01/25,4800,0,0
KAKARO,FRM1,08/01/25,19200,0,0
KAKARO,LUEX,09/01/25,328800,0,0
KAKARO,TRTU,09/01/25,105615,0,0
KAKARO,BEEX,09/01/25,243600,0,0
KAKARO,TRTZ,09/01/25,28628,0,0
KAKARO,SIS1,09/01/25,4730,0,0
KAKARO,FRM1,09/01/25,42000,0,0
KAKARO,DEW1,09/01/25,57600,0,0
KAKARO,LUL1,09/01/25,0,0,0
KAKARO,LUEX,10/01/25,217200,0,0
KAKARO,PLPL,10/01/25,19200,0,0
KAKARO,TRTU,10/01/25,77400,0,0
KAKARO,FRM1,10/01/25,12000,0,0
KAKARO,LUL1,10/01/25,25,0,0
KAKARO,BEEX,10/01/25,608400,0,0
KAKARO,TRTZ,10/01/25,28800,0,0
KAKARO,SIS1,10/01/25,4730,0,0
KAKARO,DEW1,10/01/25,50400,0,0
KAKARO,TRTU,11/01/25,77400,0,0
KAKARO,PLPL,11/01/25,16800,0,0
KAKARO,BEEX,11/01/25,685200,0,0
KAKARO,SIS1,11/01/25,4260,0,0
KAKARO,FRM1,11/01/25,31200,0,0
KAKARO,LUEX,11/01/25,164400,0,0
KAKARO,LUL1,11/01/25,0,9600,0
KAKARO,TRTZ,11/01/25,19200,0,19200
KAKARO,DEW1,11/01/25,38400,0,0
KAKARO,SIS1,12/01/25,3600,0,0
KAKARO,TRTZ,12/01/25,15733,0,0
KAKARO,BEEX,12/01/25,877200,0,0
KAKARO,PLPL,12/01/25,16800,0,0
KAKARO,LUL1,12/01/25,0,0,0
KAKARO,DEW1,12/01/25,46800,0,0
KAKARO,LUEX,12/01/25,133200,0,0
KAKARO,TRTU,12/01/25,185800,0,0
KAKARO,FRM1,12/01/25,22800,0,0
KAKARO,SIS1,01/01/26,3600,0,0
KAKARO,BEEX,01/01/26,762000,0,0
KAKARO,DEW1,01/01/26,75600,0,0
KAKARO,TRTU,01/01/26,147400,38400,0
KAKARO,TRTZ,01/01/26,35563,0,0
KAKARO,LUEX,01/01/26,87600,57600,0
KAKARO,PLPL,01/01/26,14516,0,0
KAKARO,LUL1,01/01/26,0,0,0
KAKARO,FRM1,01/01/26,28800,0,0
KAKARO,TRTZ,02/01/26,0,0,0
KAKARO,TRTU,02/01/26,0,0,38400
KAKARO,LUEX,02/01/26,0,0,0
KAKARO,LUL1,02/01/26,0,0,0
KAKARO,DEW1,02/01/26,0,0,0
KAKARO,FRM1,02/01/26,0,0,0
KAKARO,LUL1,03/01/26,0,0,0
KAKARO,LUEX,03/01/26,0,0,0
KAKARO,FRM1,03/01/26,0,0,0
KAKARO,TRTU,03/01/26,0,0,0
KAKARO,TRTZ,03/01/26,0,0,0
KAKARO,DEW1,03/01/26,0,0,0
KAKARO,TRTZ,04/01/26,0,0,0
KAKARO,LUEX,04/01/26,0,0,0
KAKARO,TRTU,04/01/26,0,0,288000
KAKARO,LUL1,04/01/26,0,0,0
KAKARO,DEW1,04/01/26,0,0,0
KAKARO,FRM1,04/01/26,0,0,0
KAKARO,LUEX,05/01/26,0,0,0
KAKARO,TRTZ,05/01/26,0,0,0
KAKARO,DEW1,05/01/26,0,0,0
KAKARO,LUL1,05/01/26,0,0,0
KAKARO,FRM1,05/01/26,0,0,0
KAKARO,LUL1,06/01/26,0,0,0
KAKARO,LUEX,06/01/26,0,0,0
KAKARO,FRM1,06/01/26,0,0,0
KAKARO,DEW1,06/01/26,0,0,0
KAKARO,TRTZ,06/01/26,0,0,0
KAKARO,LUEX,07/01/26,0,0,0
KAKARO,FRM1,07/01/26,0,0,0
KAKARO,LUL1,07/01/26,0,0,0
KAKARO,DEW1,07/01/26,0,0,0
KAKARO,DEW1,08/01/26,0,0,0
KAKARO,LUL1,08/01/26,0,0,0
KAKARO,FRM1,08/01/26,0,0,0
KAKARO,LUEX,08/01/26,0,0,0
KAKARO,TRTU,08/01/26,0,0,0
KAKARO,FRM1,09/01/26,0,0,0
KAKARO,DEW1,09/01/26,0,0,0
KAKARO,TRTU,09/01/26,0,0,0
KAKARO,LUEX,09/01/26,0,0,0
KAKARO,LUL1,09/01/26,0,0,0
KAKARO,DEW1,10/01/26,0,0,0
KAKARO,FRM1,10/01/26,0,0,0
KAKARO,LUEX,10/01/26,0,0,0
KAKARO,TRTU,10/01/26,0,0,0
KAKARO,LUL1,10/01/26,0,0,0
NATURO,ZASA,02/01/25,347760,0,0
NATURO,SIS1,02/01/25,182523,0,0
NATURO,TRTU,02/01/25,338766,0,0
NATURO,PLPL,02/01/25,292915,40320,0
NATURO,TRTZ,02/01/25,258510,0,0
NATURO,RSKR,02/01/25,154980,0,0
NATURO,RSKR,03/01/25,309960,0,0
NATURO,TRTZ,03/01/25,211890,0,0
NATURO,SIS1,03/01/25,100800,0,0
NATURO,PLPL,03/01/25,287665,0,0
NATURO,TRTU,03/01/25,387766,0,0
NATURO,ZASA,03/01/25,483840,0,0
NATURO,DEW1,04/01/25,0,0,0
NATURO,ZASA,04/01/25,456120,0,0
NATURO,TRTU,04/01/25,310920,0,0
NATURO,SIS1,04/01/25,97970,0,0
NATURO,RSKR,04/01/25,308700,0,0
NATURO,TRTZ,04/01/25,364140,0,0
NATURO,PLPL,04/01/25,141505,0,0
NATURO,LUEX,04/01/25,120960,0,0
NATURO,ZASA,05/01/25,981540,0,0
NATURO,SIS1,05/01/25,328700,0,0
NATURO,DEW1,05/01/25,0,0,0
NATURO,PLPL,05/01/25,237265,0,0
NATURO,RSKR,05/01/25,252000,0,0
NATURO,TRTZ,05/01/25,392490,0,0
NATURO,TRTU,05/01/25,398335,0,0
NATURO,DEW1,06/01/25,0,0,0
NATURO,ZASA,06/01/25,1068480,0,0
NATURO,PLPL,06/01/25,316008,60480,0
NATURO,RSKR,06/01/25,41580,0,0
NATURO,SIS1,06/01/25,360360,0,0
NATURO,TRTU,06/01/25,334460,0,0
NATURO,TRTZ,06/01/25,118440,0,0
NATURO,PLPL,07/01/25,737352,0,0
NATURO,SIS1,07/01/25,279720,0,0
NATURO,RSKR,07/01/25,303660,0,0
NATURO,TRTZ,07/01/25,287070,0,0
NATURO,ZASA,07/01/25,1122660,0,0
NATURO,TRTU,07/01/25,302400,0,0
NATURO,TRTZ,08/01/25,713370,0,0
NATURO,RSKR,08/01/25,434700,0,0
NATURO,ZASA,08/01/25,1103760,0,0
NATURO,TRTU,08/01/25,483840,0,0
NATURO,PLPL,08/01/25,529704,0,0
NATURO,SIS1,08/01/25,469560,0,0
NATURO,TRTU,09/01/25,661780,0,0
NATURO,ZASA,09/01/25,1103760,0,100800
NATURO,PLPL,09/01/25,354816,0,0
NATURO,FRM1,09/01/25,0,0,0
NATURO,SIS1,09/01/25,204746,0,18900
NATURO,TRTZ,09/01/25,679770,0,0
NATURO,RSKR,09/01/25,398160,0,0
NATURO,TRTZ,10/01/25,590520,0,0
NATURO,TRTU,10/01/25,787010,0,0
NATURO,BEEX,10/01/25,0,0,0
NATURO,ZASA,10/01/25,1146600,0,100800
NATURO,SIS1,10/01/25,321888,0,18900
NATURO,RSKR,10/01/25,539280,0,0
NATURO,LUL1,10/01/25,0,0,0
NATURO,FRM1,10/01/25,0,0,0
NATURO,PLPL,10/01/25,539598,0,0
NATURO,ZASA,11/01/25,1146600,0,0
NATURO,FRM1,11/01/25,0,0,0
NATURO,SIS1,11/01/25,114884,0,100800
NATURO,TRTU,11/01/25,1032060,0,0
NATURO,TRTZ,11/01/25,1201200,0,0
NATURO,PLPL,11/01/25,320269,0,0
NATURO,RSKR,11/01/25,379260,0,0
NATURO,TRTU,12/01/25,407205,0,0
NATURO,BEEX,12/01/25,100800,0,0
NATURO,PLPL,12/01/25,444240,0,0
NATURO,SIS1,12/01/25,62160,0,0
NATURO,LUEX,12/01/25,1260,0,0
NATURO,FRM1,12/01/25,0,0,0
NATURO,ZASA,12/01/25,0,201600,0
NATURO,RSKR,12/01/25,119700,0,0
NATURO,TRTZ,12/01/25,632520,0,0
NATURO,BEEX,01/01/26,0,504000,0
NATURO,ZASA,01/01/26,0,0,0
NATURO,LUEX,01/01/26,1260,0,0
NATURO,RSKR,01/01/26,81900,383040,0
NATURO,PLPL,01/01/26,620963,100800,100800
NATURO,FRM1,01/01/26,0,0,0
NATURO,TRTU,01/01/26,293105,302400,0
NATURO,TRTZ,01/01/26,335580,624960,0
NATURO,SIS1,01/01/26,129430,100800,0
NATURO,RSKR,02/01/26,0,282240,0
NATURO,TRTU,02/01/26,0,604800,100800
NATURO,PLPL,02/01/26,0,604800,0
NATURO,SIS1,02/01/26,0,342720,100800
NATURO,TRTZ,02/01/26,0,705600,100800
NATURO,BEEX,02/01/26,0,887040,0
NATURO,FRM1,02/01/26,0,0,0
NATURO,TRTU,03/01/26,0,0,604800
NATURO,TRTZ,03/01/26,0,504000,302400
NATURO,RSKR,03/01/26,0,100800,403200
NATURO,FRM1,03/01/26,0,0,0
NATURO,PLPL,03/01/26,0,383040,201600
NATURO,SIS1,03/01/26,0,342720,201600
NATURO,RSKR,04/01/26,0,0,201600
NATURO,FRM1,04/01/26,0,0,0
NATURO,ZASA,04/01/26,0,0,0
NATURO,TRTZ,04/01/26,0,0,806400
NATURO,SIS1,04/01/26,0,0,302400
NATURO,PLPL,04/01/26,0,0,524160
NATURO,TRTU,04/01/26,0,0,504000
NATURO,RSKR,05/01/26,0,0,201600
NATURO,FRM1,05/01/26,0,0,0
NATURO,SIS1,05/01/26,0,0,201600
NATURO,ZASA,05/01/26,0,0,0
NATURO,PLPL,05/01/26,0,0,907200
NATURO,TRTZ,05/01/26,0,0,907200
NATURO,TRTU,05/01/26,0,0,604800
NATURO,TRTZ,06/01/26,0,0,504000
NATURO,RSKR,06/01/26,0,0,302400
NATURO,PLPL,06/01/26,0,0,0
NATURO,ZASA,06/01/26,0,0,0
NATURO,SIS1,06/01/26,0,0,0
NATURO,TRTU,06/01/26,0,0,0
NATURO,FRM1,06/01/26,0,0,0
NATURO,PLPL,07/01/26,0,0,0
NATURO,TRTZ,07/01/26,0,0,100800
NATURO,RSKR,07/01/26,0,0,0
NATURO,SIS1,07/01/26,0,0,0
NATURO,FRM1,07/01/26,0,0,0
NATURO,PLPL,08/01/26,0,0,0
NATURO,TRTU,08/01/26,0,0,0
NATURO,TRTZ,08/01/26,0,0,0
NATURO,RSKR,08/01/26,0,0,0
NATURO,SIS1,08/01/26,0,0,0
NATURO,SIS1,09/01/26,0,0,0
NATURO,RSKR,09/01/26,0,0,0
NATURO,PLPL,09/01/26,0,0,0
NATURO,TRTZ,09/01/26,0,0,0
NATURO,FRM1,09/01/26,0,0,0
NATURO,TRTU,09/01/26,0,0,0
NATURO,TRTU,10/01/26,0,0,0
NATURO,PLPL,10/01/26,0,0,0
NATURO,TRTZ,10/01/26,0,0,0
NATURO,SIS1,10/01/26,0,0,0
NATURO,FRM1,10/01/26,0,0,0
NATURO,RSKR,10/01/26,0,0,0
NATURO1,BEEX,02/01/25,201600,0,0
NATURO1,DEF2,02/01/25,428400,0,0
NATURO1,LUL1,02/01/25,0,0,0
NATURO1,LUEX,02/01/25,782460,0,0
NATURO1,DEH1,02/01/25,26460,0,0
NATURO1,BEEX,03/01/25,443520,0,0
NATURO1,DEH1,03/01/25,25980,0,0
NATURO1,LUL1,03/01/25,0,0,0
NATURO1,DEW1,03/01/25,151200,0,0
NATURO1,DEF2,03/01/25,599760,0,0
NATURO1,LUEX,03/01/25,714420,0,0
NATURO1,DEH1,04/01/25,15120,0,0
NATURO1,DEW1,04/01/25,197820,0,0
NATURO1,LUL1,04/01/25,0,0,0
NATURO1,BEEX,04/01/25,161280,0,0
NATURO1,DEF2,04/01/25,120960,0,0
NATURO1,LUEX,04/01/25,626220,0,0
NATURO1,PLPL,05/01/25,0,0,0
NATURO1,DEH1,05/01/25,16380,0,0
NATURO1,DEF2,05/01/25,555660,0,0
NATURO1,BEEX,05/01/25,120960,0,0
NATURO1,LUL1,05/01/25,0,0,0
NATURO1,DEW1,05/01/25,223020,0,0
NATURO1,LUEX,05/01/25,561960,0,0
NATURO1,LUL1,06/01/25,0,0,0
NATURO1,PLPL,06/01/25,0,0,0
NATURO1,DEH1,06/01/25,12600,0,0
NATURO1,BEEX,06/01/25,80640,0,0
NATURO1,LUEX,06/01/25,394380,0,0
NATURO1,DEF2,06/01/25,422100,0,0
NATURO1,DEW1,06/01/25,124740,0,0
NATURO1,LUEX,07/01/25,674100,0,0
NATURO1,DEW1,07/01/25,75600,0,0
NATURO1,DEF2,07/01/25,602280,0,0
NATURO1,PLPL,07/01/25,0,0,0
NATURO1,BEEX,07/01/25,322560,0,0
NATURO1,DEH1,07/01/25,22504,0,0
NATURO1,LUL1,07/01/25,0,0,0
NATURO1,RSKR,07/01/25,0,0,0
NATURO1,DEW1,08/01/25,80640,0,0
NATURO1,LUL1,08/01/25,0,0,0
NATURO1,LUEX,08/01/25,628740,0,0
NATURO1,DEF1,08/01/25,0,0,0
NATURO1,DEH1,08/01/25,23624,0,0
NATURO1,BEEX,08/01/25,824040,0,0
NATURO1,DEF2,08/01/25,249480,0,0
NATURO1,LUL1,09/01/25,0,0,0
NATURO1,DEF2,09/01/25,475020,0,0
NATURO1,LUEX,09/01/25,232220,0,0
NATURO1,DEW1,09/01/25,93240,0,0
NATURO1,DEH1,09/01/25,18689,0,0
NATURO1,BEEX,09/01/25,1086120,0,0
NATURO1,DEW1,10/01/25,49140,0,0
NATURO1,LUEX,10/01/25,504000,0,0
NATURO1,DEH1,10/01/25,27720,0,0
NATURO1,DEF2,10/01/25,456120,0,0
NATURO1,BEEX,10/01/25,904680,0,0
NATURO1,LUL1,10/01/25,0,0,0
NATURO1,LUEX,11/01/25,599760,0,0
NATURO1,DEH1,11/01/25,25200,0,0
NATURO1,LUL1,11/01/25,0,35280,0
NATURO1,DEF2,11/01/25,105840,0,0
NATURO1,DEW1,11/01/25,115920,0,0
NATURO1,BEEX,11/01/25,78120,0,0
NATURO1,DEF2,12/01/25,257040,80640,0
NATURO1,LUEX,12/01/25,394380,0,0
NATURO1,DEH1,12/01/25,15854,7,0
NATURO1,LUL1,12/01/25,0,0,0
NATURO1,DEW1,12/01/25,98280,0,0
NATURO1,BEEX,12/01/25,118440,0,0
NATURO1,DEW1,01/01/26,57960,0,0
NATURO1,LUEX,01/01/26,212940,40320,0
NATURO1,LUL1,01/01/26,0,15120,0
NATURO1,DEF2,01/01/26,538020,524160,0
NATURO1,DEH1,01/01/26,19329,96,13860
NATURO1,BEEX,01/01/26,100800,201600,0
NATURO1,DEW1,02/01/26,0,0,0
NATURO1,LUL1,02/01/26,0,0,0
NATURO1,LUEX,02/01/26,0,0,0
NATURO1,DEH1,02/01/26,0,0,0
NATURO1,DEF2,02/01/26,0,221760,0
NATURO1,BEEX,02/01/26,0,0,100800
NATURO1,LUEX,03/01/26,0,0,0
NATURO1,DEH1,03/01/26,0,0,0
NATURO1,LUL1,03/01/26,0,0,0
NATURO1,BEEX,03/01/26,0,211680,0
NATURO1,DEW1,03/01/26,0,0,0
NATURO1,DEF2,03/01/26,0,0,100800
NATURO1,LUL1,04/01/26,0,0,0
NATURO1,LUEX,04/01/26,0,0,0
NATURO1,DEH1,04/01/26,0,0,0
NATURO1,BEEX,04/01/26,0,0,907200
NATURO1,DEF2,04/01/26,0,0,705600
NATURO1,DEW1,04/01/26,0,0,0
NATURO1,BEEX,05/01/26,0,0,604800
NATURO1,LUEX,05/01/26,0,0,0
NATURO1,LUL1,05/01/26,0,0,0
NATURO1,DEH1,05/01/26,0,0,0
NATURO1,DEW1,05/01/26,0,0,0
NATURO1,DEF2,05/01/26,0,0,403200
NATURO1,DEH1,06/01/26,0,0,0
NATURO1,DEW1,06/01/26,0,0,0
NATURO1,LUEX,06/01/26,0,0,0
NATURO1,LUL1,06/01/26,0,0,0
NATURO1,DEF2,06/01/26,0,0,100800
NATURO1,BEEX,06/01/26,0,0,1411200
NATURO1,DEH1,07/01/26,0,0,0
NATURO1,BEEX,07/01/26,0,0,0
NATURO1,DEW1,07/01/26,0,0,0
NATURO1,LUEX,07/01/26,0,0,0
NATURO1,DEF2,07/01/26,0,0,0
NATURO1,LUL1,07/01/26,0,0,0
NATURO1,DEF2,08/01/26,0,0,0
NATURO1,LUEX,08/01/26,0,0,0
NATURO1,DEH1,08/01/26,0,0,0
NATURO1,BEEX,08/01/26,0,0,0
NATURO1,DEW1,08/01/26,0,0,0
NATURO1,LUL1,08/01/26,0,0,0
NATURO1,LUEX,09/01/26,0,0,0
NATURO1,BEEX,09/01/26,0,0,0
NATURO1,LUL1,09/01/26,0,0,0
NATURO1,DEH1,09/01/26,0,0,0
NATURO1,DEW1,09/01/26,0,0,0
NATURO1,DEF2,09/01/26,0,0,0
NATURO1,BEEX,10/01/26,0,0,0
NATURO1,DEF2,10/01/26,0,0,0
NATURO1,LUL1,10/01/26,0,0,0
NATURO1,DEW1,10/01/26,0,0,0
NATURO1,LUEX,10/01/26,0,0,0
NATURO1,DEH1,10/01/26,0,0,0
NATURO2,FRM1,02/01/25,18900,0,0
NATURO2,LUEX,02/01/25,61740,0,0
NATURO2,BEEX,02/01/25,0,0,0
NATURO2,LUEX,03/01/25,41580,0,0
NATURO2,FRM1,03/01/25,39060,0,0
NATURO2,FRM1,04/01/25,54180,0,0
NATURO2,BEEX,04/01/25,0,0,0
NATURO2,LUEX,04/01/25,41580,0,0
NATURO2,BEEX,05/01/25,0,0,0
NATURO2,LUEX,05/01/25,41580,0,0
NATURO2,FRM1,05/01/25,41580,0,0
NATURO2,BEEX,06/01/25,20160,0,0
NATURO2,FRM1,06/01/25,23940,0,0
NATURO2,LUEX,06/01/25,21420,0,0
NATURO2,FRM1,07/01/25,32760,0,0
NATURO2,BEEX,07/01/25,40320,0,0
NATURO2,LUEX,07/01/25,21420,0,0
NATURO2,FRM1,08/01/25,11340,0,0
NATURO2,LUEX,08/01/25,61740,0,0
NATURO2,BEEX,08/01/25,0,0,0
NATURO2,FRM1,09/01/25,25200,0,0
NATURO2,LUEX,09/01/25,61740,0,0
NATURO2,BEEX,09/01/25,0,0,0
NATURO2,FRM1,10/01/25,17640,0,0
NATURO2,LUEX,10/01/25,41580,0,0
NATURO2,BEEX,10/01/25,100800,0,0
NATURO2,LUEX,11/01/25,61740,0,0
NATURO2,BEEX,11/01/25,100800,0,0
NATURO2,FRM1,11/01/25,12600,0,0
NATURO2,LUEX,12/01/25,61740,0,0
NATURO2,BEEX,12/01/25,80640,0,0
NATURO2,FRM1,12/01/25,0,0,0
NATURO2,FRM1,01/01/26,31500,0,0
NATURO2,BEEX,01/01/26,40320,0,0
NATURO2,LUEX,01/01/26,41580,0,0
NATURO2,LUEX,02/01/26,0,0,0
NATURO2,FRM1,02/01/26,0,0,0
NATURO2,LUEX,03/01/26,0,0,0
NATURO2,FRM1,03/01/26,0,0,0
NATURO2,LUEX,04/01/26,0,0,0
NATURO2,BEEX,04/01/26,0,0,100800
NATURO2,FRM1,04/01/26,0,0,0
NATURO2,FRM1,05/01/26,0,0,0
NATURO2,LUEX,05/01/26,0,0,0
NATURO2,LUEX,06/01/26,0,0,0
NATURO2,BEEX,06/01/26,0,0,60480
NATURO2,FRM1,06/01/26,0,0,0
NATURO2,LUEX,07/01/26,0,0,0
NATURO2,FRM1,07/01/26,0,0,0
NATURO2,BEEX,07/01/26,0,0,0
NATURO2,FRM1,08/01/26,0,0,0
NATURO2,BEEX,08/01/26,0,0,0
NATURO2,LUEX,08/01/26,0,0,0
NATURO2,BEEX,09/01/26,0,0,0
NATURO2,LUEX,09/01/26,0,0,0
NATURO2,FRM1,09/01/26,0,0,0
NATURO2,FRM1,10/01/26,0,0,0
NATURO2,BEEX,10/01/26,0,0,0
NATURO2,LUEX,10/01/26,0,0,0
NEUDRO,ZASA,02/01/25,327600,0,0
NEUDRO,TRTU,02/01/25,100800,0,0
NEUDRO,SIS1,02/01/25,60480,0,0
NEUDRO,TRTU,03/01/25,123550,0,0
NEUDRO,LUEX,03/01/25,60480,0,0
NEUDRO,SIS1,03/01/25,80640,0,0
NEUDRO,ZASA,03/01/25,229320,0,0
NEUDRO,TRTU,04/01/25,74120,0,0
NEUDRO,SIS1,04/01/25,51750,0,0
NEUDRO,DEF2,04/01/25,20160,0,0
NEUDRO,ZASA,04/01/25,153720,0,0
NEUDRO,SIS1,05/01/25,292920,0,0
NEUDRO,ZASA,05/01/25,312480,0,0
NEUDRO,TRTU,05/01/25,193400,0,0
NEUDRO,LUEX,06/01/25,0,0,0
NEUDRO,TRTU,06/01/25,245760,0,0
NEUDRO,ZASA,06/01/25,274680,0,0
NEUDRO,SIS1,06/01/25,519120,0,0
NEUDRO,TRTU,07/01/25,245760,0,0
NEUDRO,SIS1,07/01/25,673200,0,0
NEUDRO,ZASA,07/01/25,262080,0,0
NEUDRO,SIS1,08/01/25,436380,0,0
NEUDRO,TRTU,08/01/25,312960,0,0
NEUDRO,ZASA,08/01/25,252000,0,0
NEUDRO,SIS1,09/01/25,559120,0,0
NEUDRO,TRTU,09/01/25,332080,0,0
NEUDRO,LUEX,09/01/25,0,0,0
NEUDRO,ZASA,09/01/25,252000,0,0
NEUDRO,SIS1,10/01/25,733085,0,0
NEUDRO,TRTU,10/01/25,179200,0,0
NEUDRO,ZASA,10/01/25,260820,0,0
NEUDRO,BEEX,10/01/25,100800,0,0
NEUDRO,BEEX,11/01/25,100800,0,0
NEUDRO,TRTU,11/01/25,275905,0,0
NEUDRO,SIS1,11/01/25,773850,0,0
NEUDRO,ZASA,11/01/25,260820,0,0
NEUDRO,TRTU,12/01/25,176785,0,0
NEUDRO,SIS1,12/01/25,677880,0,0
NEUDRO,LUEX,12/01/25,100800,0,100800
NEUDRO,BEEX,12/01/25,100800,0,0
NEUDRO,ZASA,12/01/25,220500,0,0
NEUDRO,ZASA,01/01/26,0,0,0
NEUDRO,TRTU,01/01/26,116025,80640,0
NEUDRO,BEEX,01/01/26,301140,100800,0
NEUDRO,LUEX,01/01/26,181440,0,0
NEUDRO,SIS1,01/01/26,631455,302400,0
NEUDRO,BEEX,02/01/26,0,200340,0
NEUDRO,SIS1,02/01/26,0,161280,0
NEUDRO,TRTU,02/01/26,0,0,0
NEUDRO,SIS1,03/01/26,0,80640,100800
NEUDRO,TRTU,03/01/26,0,100800,100800
NEUDRO,TRTU,04/01/26,0,0,201600
NEUDRO,SIS1,04/01/26,0,0,0
NEUDRO,ZASA,04/01/26,0,0,0
NEUDRO,ZASA,05/01/26,0,0,0
NEUDRO,TRTU,05/01/26,0,0,0
NEUDRO,SIS1,05/01/26,0,0,302400
NEUDRO,ZASA,06/01/26,0,0,0
NEUDRO,SIS1,06/01/26,0,0,201600
NEUDRO,TRTU,06/01/26,0,0,100800
NEUDRO,SIS1,07/01/26,0,0,0
NEUDRO,SIS1,08/01/26,0,0,0
NEUDRO,SIS1,09/01/26,0,0,0
NEUDRO,SIS1,10/01/26,0,0,0
NEUDRO1,LUL1,02/01/25,0,0,0
NEUDRO1,LUEX,02/01/25,325080,0,0
NEUDRO1,DEH1,02/01/25,49140,0,0
NEUDRO1,BEEX,02/01/25,201600,0,0
NEUDRO1,DEF2,02/01/25,280980,0,0
NEUDRO1,FRM1,02/01/25,147420,0,0
NEUDRO1,DEW1,02/01/25,0,0,0
NEUDRO1,BEEX,03/01/25,0,0,0
NEUDRO1,DEH1,03/01/25,70440,0,0
NEUDRO1,LUL1,03/01/25,0,0,0
NEUDRO1,DEF2,03/01/25,263340,0,0
NEUDRO1,FRM1,03/01/25,45360,0,0
NEUDRO1,LUEX,03/01/25,451080,0,0
NEUDRO1,DEW1,03/01/25,141120,0,0
NEUDRO1,DEH1,04/01/25,71230,0,0
NEUDRO1,DEF2,04/01/25,365400,0,0
NEUDRO1,LUL1,04/01/25,0,0,0
NEUDRO1,DEW1,04/01/25,286020,0,0
NEUDRO1,LUEX,04/01/25,322560,0,0
NEUDRO1,BEEX,04/01/25,201600,0,0
NEUDRO1,FRM1,04/01/25,70560,0,0
NEUDRO1,SIS1,04/01/25,0,0,0
NEUDRO1,LUEX,05/01/25,345240,0,0
NEUDRO1,LUL1,05/01/25,0,0,0
NEUDRO1,FRM1,05/01/25,47880,0,0
NEUDRO1,DEH1,05/01/25,53099,84,0
NEUDRO1,BEEX,05/01/25,0,0,0
NEUDRO1,DEF2,05/01/25,191520,0,0
NEUDRO1,DEW1,05/01/25,90720,0,0
NEUDRO1,LUL1,06/01/25,0,0,0
NEUDRO1,DEF2,06/01/25,56700,0,0
NEUDRO1,FRM1,06/01/25,78120,0,0
NEUDRO1,BEEX,06/01/25,0,0,0
NEUDRO1,DEW1,06/01/25,220500,0,0
NEUDRO1,LUEX,06/01/25,395640,0,0
NEUDRO1,DEH1,06/01/25,46703,96,0
NEUDRO1,BEEX,07/01/25,141120,0,0
NEUDRO1,DEF2,07/01/25,146160,0,0
NEUDRO1,DEH1,07/01/25,56102,76,0
NEUDRO1,LUEX,07/01/25,721945,0,0
NEUDRO1,LUL1,07/01/25,0,0,0
NEUDRO1,DEW1,07/01/25,207900,0,0
NEUDRO1,FRM1,07/01/25,56700,0,0
NEUDRO1,DEH1,08/01/25,26984,58,0
NEUDRO1,DEW1,08/01/25,149940,0,0
NEUDRO1,DEF2,08/01/25,151200,0,0
NEUDRO1,BEEX,08/01/25,60480,0,0
NEUDRO1,LUL1,08/01/25,0,0,0
NEUDRO1,LUEX,08/01/25,467460,0,0
NEUDRO1,FRM1,08/01/25,52920,0,0
NEUDRO1,LUL1,09/01/25,0,0,0
NEUDRO1,BEEX,09/01/25,887040,0,0
NEUDRO1,DEF2,09/01/25,231840,0,0
NEUDRO1,DEW1,09/01/25,120960,0,0
NEUDRO1,FRM1,09/01/25,59220,0,0
NEUDRO1,DEH1,09/01/25,52081,26,0
NEUDRO1,LUEX,09/01/25,583240,0,0
NEUDRO1,LUL1,10/01/25,0,0,0
NEUDRO1,FRM1,10/01/25,8820,0,0
NEUDRO1,BEEX,10/01/25,1023120,0,0
NEUDRO1,DEH1,10/01/25,104580,0,0
NEUDRO1,DEW1,10/01/25,126000,0,0
NEUDRO1,DEF2,10/01/25,471240,0,0
NEUDRO1,LUEX,10/01/25,463680,0,0
NEUDRO1,SIS1,10/01/25,0,0,0
NEUDRO1,BEEX,11/01/25,720720,0,100800
NEUDRO1,LUEX,11/01/25,333900,0,0
NEUDRO1,LULU,11/01/25,0,0,0
NEUDRO1,LUL1,11/01/25,0,0,0
NEUDRO1,DEW1,11/01/25,170100,20160,0
NEUDRO1,DEF2,11/01/25,524160,0,0
NEUDRO1,FRM1,11/01/25,44100,0,0
NEUDRO1,DEH1,11/01/25,62264,72,0
NEUDRO1,DEF2,12/01/25,270900,0,0
NEUDRO1,LUEX,12/01/25,253260,0,0
NEUDRO1,DEH1,12/01/25,89774,46,0
NEUDRO1,FRM1,12/01/25,17640,0,0
NEUDRO1,BEEX,12/01/25,682920,0,0
NEUDRO1,LUL1,12/01/25,0,0,0
NEUDRO1,DEW1,12/01/25,120960,0,0
NEUDRO1,DEH1,01/01/26,107736,39060,12600
NEUDRO1,FRM1,01/01/26,42840,40320,0
NEUDRO1,BEEX,01/01/26,480060,100800,0
NEUDRO1,LUEX,01/01/26,316260,0,20160
NEUDRO1,DEF2,01/01/26,268380,201600,0
NEUDRO1,DEW1,01/01/26,252000,0,161280
NEUDRO1,SIS1,01/01/26,0,0,0
NEUDRO1,LUL1,01/01/26,0,5040,0
NEUDRO1,DEW1,02/01/26,0,0,0
NEUDRO1,DEF2,02/01/26,0,0,0
NEUDRO1,LUEX,02/01/26,0,0,0
NEUDRO1,LUL1,02/01/26,0,0,0
NEUDRO1,BEEX,02/01/26,0,80640,20160
NEUDRO1,FRM1,02/01/26,0,0,0
NEUDRO1,DEH1,02/01/26,0,0,0
NEUDRO1,FRM1,03/01/26,0,0,0
NEUDRO1,LUL1,03/01/26,0,0,0
NEUDRO1,BEEX,03/01/26,0,685440,624960
NEUDRO1,DEH1,03/01/26,0,0,0
NEUDRO1,LUEX,03/01/26,0,0,0
NEUDRO1,DEF2,03/01/26,0,0,100800
NEUDRO1,DEW1,03/01/26,0,0,0
NEUDRO1,DEH1,04/01/26,0,0,0
NEUDRO1,LUEX,04/01/26,0,0,0
NEUDRO1,FRM1,04/01/26,0,0,0
NEUDRO1,DEF2,04/01/26,0,0,201600
NEUDRO1,LUL1,04/01/26,0,0,0
NEUDRO1,BEEX,04/01/26,0,0,806400
NEUDRO1,DEW1,04/01/26,0,0,0
NEUDRO1,DEH1,05/01/26,0,0,0
NEUDRO1,DEW1,05/01/26,0,0,0
NEUDRO1,FRM1,05/01/26,0,0,0
NEUDRO1,LUL1,05/01/26,0,0,0
NEUDRO1,LUEX,05/01/26,0,0,0
NEUDRO1,DEF2,05/01/26,0,0,403200
NEUDRO1,BEEX,05/01/26,0,0,504000
NEUDRO1,DEF2,06/01/26,0,0,100800
NEUDRO1,LUL1,06/01/26,0,0,0
NEUDRO1,DEW1,06/01/26,0,0,0
NEUDRO1,BEEX,06/01/26,0,0,100800
NEUDRO1,DEH1,06/01/26,0,0,0
NEUDRO1,LUEX,06/01/26,0,0,0
NEUDRO1,FRM1,06/01/26,0,0,0
NEUDRO1,LUEX,07/01/26,0,0,0
NEUDRO1,FRM1,07/01/26,0,0,0
NEUDRO1,DEH1,07/01/26,0,0,0
NEUDRO1,BEEX,07/01/26,0,0,0
NEUDRO1,LUL1,07/01/26,0,0,0
NEUDRO1,DEW1,07/01/26,0,0,0
NEUDRO1,DEF2,07/01/26,0,0,0
NEUDRO1,DEW1,08/01/26,0,0,0
NEUDRO1,LUEX,08/01/26,0,0,0
NEUDRO1,LUL1,08/01/26,0,0,0
NEUDRO1,DEF2,08/01/26,0,0,0
NEUDRO1,FRM1,08/01/26,0,0,0
NEUDRO1,DEH1,08/01/26,0,0,0
NEUDRO1,BEEX,08/01/26,0,0,0
NEUDRO1,DEF2,09/01/26,0,0,0
NEUDRO1,LUEX,09/01/26,0,0,0
NEUDRO1,FRM1,09/01/26,0,0,0
NEUDRO1,LUL1,09/01/26,0,0,0
NEUDRO1,DEH1,09/01/26,0,0,0
NEUDRO1,BEEX,09/01/26,0,0,0
NEUDRO1,DEW1,09/01/26,0,0,0
NEUDRO1,LUL1,10/01/26,0,0,0
NEUDRO1,DEF2,10/01/26,0,0,0
NEUDRO1,FRM1,10/01/26,0,0,0
NEUDRO1,LUEX,10/01/26,0,0,0
NEUDRO1,DEH1,10/01/26,0,0,0
NEUDRO1,BEEX,10/01/26,0,0,0
NEUDRO1,DEW1,10/01/26,0,0,0
NEUDRO3,DEF1,02/01/25,17640,0,0
NEUDRO3,BEEX,02/01/25,0,0,0
NEUDRO3,LUEX,02/01/25,110880,0,0
NEUDRO3,FRA1,02/01/25,83160,0,0
NEUDRO3,DEF1,03/01/25,17640,0,0
NEUDRO3,FRA1,03/01/25,309960,0,0
NEUDRO3,SIS1,03/01/25,0,0,0
NEUDRO3,BEEX,03/01/25,0,0,0
NEUDRO3,DEH1,03/01/25,0,0,0
NEUDRO3,LUEX,03/01/25,123480,0,0
NEUDRO3,BEEX,04/01/25,0,0,0
NEUDRO3,DEF1,04/01/25,0,0,0
NEUDRO3,DEH1,04/01/25,0,0,0
NEUDRO3,LUEX,04/01/25,117180,0,0
NEUDRO3,SIS1,04/01/25,20160,0,0
NEUDRO3,FRA1,04/01/25,168840,0,0
NEUDRO3,LUEX,05/01/25,109620,0,0
NEUDRO3,DEH1,05/01/25,0,0,0
NEUDRO3,SIS1,05/01/25,0,0,0
NEUDRO3,FRA1,05/01/25,393120,0,0
NEUDRO3,BEEX,05/01/25,0,0,0
NEUDRO3,DEF1,05/01/25,12600,0,0
NEUDRO3,DEF1,06/01/25,10080,0,0
NEUDRO3,DEH1,06/01/25,0,0,0
NEUDRO3,FRA1,06/01/25,154980,0,0
NEUDRO3,LUEX,06/01/25,142380,0,0
NEUDRO3,BEEX,06/01/25,0,0,0
NEUDRO3,BEEX,07/01/25,40320,0,0
NEUDRO3,DEF1,07/01/25,35280,0,0
NEUDRO3,DEH1,07/01/25,0,0,0
NEUDRO3,LUEX,07/01/25,200340,0,0
NEUDRO3,FRA1,07/01/25,396900,0,0
NEUDRO3,LUEX,08/01/25,316260,0,0
NEUDRO3,DEF1,08/01/25,10080,0,0
NEUDRO3,BEEX,08/01/25,0,0,0
NEUDRO3,DEH1,08/01/25,0,0,0
NEUDRO3,FRA1,08/01/25,209160,0,0
NEUDRO3,LUEX,09/01/25,80640,0,0
NEUDRO3,DEF1,09/01/25,0,0,0
NEUDRO3,DEH1,09/01/25,0,0,0
NEUDRO3,FRA1,09/01/25,165060,0,0
NEUDRO3,LUEX,10/01/25,20160,0,0
NEUDRO3,DEF1,10/01/25,0,0,0
NEUDRO3,DEH1,10/01/25,0,0,0
NEUDRO3,FRA1,10/01/25,185220,20160,0
NEUDRO3,FRA1,11/01/25,213940,0,0
NEUDRO3,DEF1,11/01/25,0,0,0
NEUDRO3,DEH1,11/01/25,0,0,0
NEUDRO3,LUEX,11/01/25,0,0,0
NEUDRO3,DEH1,12/01/25,0,0,0
NEUDRO3,FRA1,12/01/25,246960,0,0
NEUDRO3,LUEX,12/01/25,0,0,0
NEUDRO3,BEEX,12/01/25,0,0,403200
NEUDRO3,SIS1,01/01/26,0,0,0
NEUDRO3,LUEX,01/01/26,0,0,0
NEUDRO3,FRA1,01/01/26,91980,403200,0
NEUDRO3,DEF1,01/01/26,0,0,0
NEUDRO3,DEH1,01/01/26,0,0,0
NEUDRO3,FRA1,02/01/26,0,524160,0
NEUDRO3,SIS1,02/01/26,0,0,0
NEUDRO3,DEH1,02/01/26,0,0,0
NEUDRO3,FRA1,03/01/26,0,0,403200
NEUDRO3,DEH1,03/01/26,0,0,0
NEUDRO3,SIS1,03/01/26,0,0,0
NEUDRO3,DEH1,04/01/26,0,0,0
NEUDRO3,FRA1,04/01/26,0,0,302400
NEUDRO3,SIS1,04/01/26,0,0,0
NEUDRO3,FRA1,05/01/26,0,0,302400
NEUDRO3,SIS1,05/01/26,0,0,0
NEUDRO3,DEH1,05/01/26,0,0,0
NEUDRO3,SIS1,06/01/26,0,0,0
NEUDRO3,FRA1,06/01/26,0,0,0
NEUDRO3,DEH1,06/01/26,0,0,0
NEUDRO3,FRA1,07/01/26,0,0,0
NEUDRO3,SIS1,07/01/26,0,0,0
NEUDRO3,DEH1,07/01/26,0,0,0
NEUDRO3,FRA1,08/01/26,0,0,0
NEUDRO3,DEH1,08/01/26,0,0,0
NEUDRO3,SIS1,08/01/26,0,0,0
NEUDRO3,FRA1,09/01/26,0,0,0
NEUDRO3,SIS1,09/01/26,0,0,0
NEUDRO3,DEH1,09/01/26,0,0,0
NEUDRO3,SIS1,10/01/26,0,0,0
NEUDRO3,DEH1,10/01/26,0,0,0
NEUDRO3,FRA1,10/01/26,0,0,0
NOKANDO,RSKR,02/01/25,161280,0,0
NOKANDO,LUEX,02/01/25,40320,0,0
NOKANDO,TRTU,02/01/25,170291,0,0
NOKANDO,PLPL,02/01/25,391860,0,0
NOKANDO,TRTZ,02/01/25,311010,0,0
NOKANDO,PLPL,03/01/25,383355,0,0
NOKANDO,TRTU,03/01/25,226800,0,0
NOKANDO,LUEX,03/01/25,0,0,0
NOKANDO,SIS1,03/01/25,0,0,0
NOKANDO,RSKR,03/01/25,246960,0,0
NOKANDO,TRTZ,03/01/25,213990,0,0
NOKANDO,RSKR,04/01/25,148680,0,0
NOKANDO,TRTZ,04/01/25,328020,0,0
NOKANDO,PLPL,04/01/25,320040,0,0
NOKANDO,TRTU,04/01/25,253180,0,0
NOKANDO,TRTU,05/01/25,169925,0,0
NOKANDO,RSKR,05/01/25,280980,0,0
NOKANDO,LUEX,05/01/25,0,0,0
NOKANDO,TRTZ,05/01/25,233100,0,0
NOKANDO,PLPL,05/01/25,117180,0,0
NOKANDO,SIS1,05/01/25,0,0,0
NOKANDO,TRTU,06/01/25,271390,0,0
NOKANDO,RSKR,06/01/25,175140,0,0
NOKANDO,PLPL,06/01/25,294336,0,0
NOKANDO,TRTZ,06/01/25,85680,0,0
NOKANDO,PLPL,07/01/25,658728,0,20160
NOKANDO,TRTU,07/01/25,437220,0,0
NOKANDO,TRTZ,07/01/25,276150,0,0
NOKANDO,DEF2,07/01/25,0,0,0
NOKANDO,RSKR,07/01/25,410760,0,0
NOKANDO,SIS1,07/01/25,0,0,0
NOKANDO,LUL1,07/01/25,0,0,0
NOKANDO,TRTZ,08/01/25,522060,0,0
NOKANDO,PLPL,08/01/25,403704,0,20160
NOKANDO,RSKR,08/01/25,638820,0,0
NOKANDO,SIS1,08/01/25,0,40320,0
NOKANDO,TRTU,08/01/25,947520,0,0
NOKANDO,TRTZ,09/01/25,921480,0,0
NOKANDO,TRTU,09/01/25,1279145,0,0
NOKANDO,RSKR,09/01/25,453600,0,0
NOKANDO,PLPL,09/01/25,363384,0,0
NOKANDO,RSKR,10/01/25,322560,0,0
NOKANDO,TRTU,10/01/25,1252300,0,0
NOKANDO,LUEX,10/01/25,301140,0,0
NOKANDO,PLPL,10/01/25,708551,0,423360
NOKANDO,TRTZ,10/01/25,760830,0,0
NOKANDO,PLPL,11/01/25,826326,48,0
NOKANDO,TRTU,11/01/25,986395,0,0
NOKANDO,RSKR,11/01/25,133560,0,0
NOKANDO,LUEX,11/01/25,0,0,0
NOKANDO,TRTZ,11/01/25,910980,0,0
NOKANDO,PLPL,12/01/25,705071,0,100800
NOKANDO,TRTU,12/01/25,949321,0,0
NOKANDO,LUEX,12/01/25,0,0,0
NOKANDO,TRTZ,12/01/25,542430,0,0
NOKANDO,RSKR,12/01/25,122220,0,0
NOKANDO,TRTU,01/01/26,978706,201600,0
NOKANDO,SIS1,01/01/26,0,20160,0
NOKANDO,RSKR,01/01/26,107100,60480,0
NOKANDO,LUEX,01/01/26,0,0,0
NOKANDO,TRTZ,01/01/26,265230,362880,0
NOKANDO,PLPL,01/01/26,1140762,241920,504000
NOKANDO,DEW1,01/01/26,0,161280,0
NOKANDO,RSKR,02/01/26,0,100800,0
NOKANDO,TRTU,02/01/26,0,100800,0
NOKANDO,PLPL,02/01/26,0,100800,0
NOKANDO,TRTZ,02/01/26,0,685440,302400
NOKANDO,PLPL,03/01/26,0,0,20160
NOKANDO,RSKR,03/01/26,0,0,60480
NOKANDO,TRTZ,03/01/26,0,0,362880
NOKANDO,TRTU,03/01/26,0,60480,40320
NOKANDO,TRTZ,04/01/26,0,0,806400
NOKANDO,TRTU,04/01/26,0,0,201600
NOKANDO,RSKR,04/01/26,0,0,604800
NOKANDO,BEEX,04/01/26,0,0,0
NOKANDO,PLPL,04/01/26,0,0,0
NOKANDO,PLPL,05/01/26,0,0,0
NOKANDO,TRTU,05/01/26,0,0,201600
NOKANDO,TRTZ,05/01/26,0,0,201600
NOKANDO,RSKR,05/01/26,0,0,100800
NOKANDO,TRTU,06/01/26,0,0,0
NOKANDO,PLPL,06/01/26,0,0,0
NOKANDO,TRTZ,06/01/26,0,0,504000
NOKANDO,RSKR,06/01/26,0,0,0
NOKANDO,PLPL,07/01/26,0,0,0
NOKANDO,RSKR,07/01/26,0,0,0
NOKANDO,TRTZ,07/01/26,0,0,0
NOKANDO,RSKR,08/01/26,0,0,0
NOKANDO,TRTU,08/01/26,0,0,0
NOKANDO,PLPL,08/01/26,0,0,0
NOKANDO,TRTZ,08/01/26,0,0,0
NOKANDO,TRTZ,09/01/26,0,0,0
NOKANDO,PLPL,09/01/26,0,0,0
NOKANDO,RSKR,09/01/26,0,0,0
NOKANDO,TRTU,09/01/26,0,0,0
NOKANDO,TRTZ,10/01/26,0,0,0
NOKANDO,RSKR,10/01/26,0,0,0
NOKANDO,TRTU,10/01/26,0,0,0
NOKANDO,PLPL,10/01/26,0,0,0
NOKANDO2,FRM1,02/01/25,78120,0,0
NOKANDO2,BEEX,02/01/25,20160,0,0
NOKANDO2,SIS1,02/01/25,141120,0,0
NOKANDO2,LUEX,02/01/25,961380,0,0
NOKANDO2,LUL1,02/01/25,0,0,0
NOKANDO2,DEW1,02/01/25,1260,0,0
NOKANDO2,DEH1,02/01/25,52060,0,0
NOKANDO2,DEF2,02/01/25,141120,0,0
NOKANDO2,LUL1,03/01/25,0,0,0
NOKANDO2,FRM1,03/01/25,26460,0,0
NOKANDO2,BEEX,03/01/25,181440,0,0
NOKANDO2,LUEX,03/01/25,2304540,0,0
NOKANDO2,DEW1,03/01/25,743400,0,0
NOKANDO2,DEF2,03/01/25,110880,0,0
NOKANDO2,DEH1,03/01/25,75480,0,0
NOKANDO2,SIS1,03/01/25,141120,0,0
NOKANDO2,LUL1,04/01/25,0,0,0
NOKANDO2,FRM1,04/01/25,60480,0,0
NOKANDO2,DEF2,04/01/25,66780,0,0
NOKANDO2,SIS1,04/01/25,236135,0,0
NOKANDO2,BEEX,04/01/25,120960,0,0
NOKANDO2,LUEX,04/01/25,1964340,0,0
NOKANDO2,DEH1,04/01/25,75600,0,0
NOKANDO2,DEW1,04/01/25,685193,0,0
NOKANDO2,PLPL,04/01/25,0,0,0
NOKANDO2,RSKR,05/01/25,0,0,0
NOKANDO2,BEEX,05/01/25,0,0,0
NOKANDO2,DEF2,05/01/25,42840,0,0
NOKANDO2,LUEX,05/01/25,1315440,0,0
NOKANDO2,LUL1,05/01/25,0,0,0
NOKANDO2,PLPL,05/01/25,0,0,0
NOKANDO2,DEW1,05/01/25,570780,0,0
NOKANDO2,DEH1,05/01/25,21960,0,0
NOKANDO2,FRM1,05/01/25,75600,0,0
NOKANDO2,SIS1,05/01/25,806280,0,0
NOKANDO2,DEF2,06/01/25,98280,0,0
NOKANDO2,PLPL,06/01/25,20160,0,0
NOKANDO2,DEH1,06/01/25,28980,0,0
NOKANDO2,SIS1,06/01/25,220080,0,0
NOKANDO2,LUEX,06/01/25,1523340,0,0
NOKANDO2,DEW1,06/01/25,278460,0,0
NOKANDO2,BEEX,06/01/25,141120,0,0
NOKANDO2,LUL1,06/01/25,0,0,0
NOKANDO2,FRM1,06/01/25,39060,0,0
NOKANDO2,FRA1,06/01/25,1260,0,0
NOKANDO2,FRM1,07/01/25,50400,0,0
NOKANDO2,DEW1,07/01/25,380520,0,0
NOKANDO2,DEF2,07/01/25,89460,0,0
NOKANDO2,LUEX,07/01/25,2046240,0,0
NOKANDO2,BEEX,07/01/25,564480,60480,0
NOKANDO2,PLPL,07/01/25,0,0,0
NOKANDO2,DEH1,07/01/25,61906,28,0
NOKANDO2,LUL1,07/01/25,0,0,0
NOKANDO2,SIS1,07/01/25,252150,0,0
NOKANDO2,FRA1,07/01/25,1260,0,0
NOKANDO2,BEEX,08/01/25,1189600,0,0
NOKANDO2,DEF2,08/01/25,97020,0,0
NOKANDO2,LUEX,08/01/25,2061360,0,0
NOKANDO2,FRM1,08/01/25,41580,0,0
NOKANDO2,DEW1,08/01/25,240660,0,0
NOKANDO2,LUL1,08/01/25,0,0,0
NOKANDO2,RSKR,08/01/25,0,0,0
NOKANDO2,FRA1,08/01/25,1260,0,0
NOKANDO2,SIS1,08/01/25,129510,0,141120
NOKANDO2,DEH1,08/01/25,59630,64,0
NOKANDO2,FRA1,09/01/25,1260,0,0
NOKANDO2,DEW1,09/01/25,322560,0,0
NOKANDO2,LUL1,09/01/25,0,0,0
NOKANDO2,BEEX,09/01/25,403360,0,0
NOKANDO2,SIS1,09/01/25,516600,20160,0
NOKANDO2,FRM1,09/01/25,89460,0,0
NOKANDO2,DEH1,09/01/25,62206,32,0
NOKANDO2,LUEX,09/01/25,2405340,0,0
NOKANDO2,DEF2,09/01/25,283500,0,0
NOKANDO2,FRM1,10/01/25,21420,0,0
NOKANDO2,DEW1,10/01/25,321300,11174,94
NOKANDO2,BEEX,10/01/25,826720,0,0
NOKANDO2,LUL1,10/01/25,0,0,0
NOKANDO2,DEF2,10/01/25,195300,0,0
NOKANDO2,FRA1,10/01/25,1260,0,0
NOKANDO2,DEH1,10/01/25,85258,2,0
NOKANDO2,LUEX,10/01/25,1145340,0,0
NOKANDO2,SIS1,10/01/25,299880,0,0
NOKANDO2,DEW1,11/01/25,454860,0,0
NOKANDO2,LUL1,11/01/25,0,183960,0
NOKANDO2,FRA1,11/01/25,1260,0,0
NOKANDO2,BEEX,11/01/25,1048480,161280,141120
NOKANDO2,DEF2,11/01/25,99540,0,0
NOKANDO2,FRM1,11/01/25,74340,0,0
NOKANDO2,LUEX,11/01/25,1120140,0,0
NOKANDO2,SIS1,11/01/25,684600,0,0
NOKANDO2,DEH1,11/01/25,83033,22,0
NOKANDO2,DEF2,12/01/25,473760,0,0
NOKANDO2,FRA1,12/01/25,1260,0,0
NOKANDO2,SIS1,12/01/25,677040,0,60480
NOKANDO2,LUEX,12/01/25,1573740,0,0
NOKANDO2,LUL1,12/01/25,0,0,0
NOKANDO2,DEH1,12/01/25,94335,0,0
NOKANDO2,FRM1,12/01/25,17640,0,0
NOKANDO2,BEEX,12/01/25,1088640,0,0
NOKANDO2,DEW1,12/01/25,262080,0,0
NOKANDO2,LUEX,01/01/26,1244880,463680,0
NOKANDO2,SIS1,01/01/26,446040,403200,0
NOKANDO2,FRA1,01/01/26,1260,0,0
NOKANDO2,DEH1,01/01/26,70534,118440,25200
NOKANDO2,BEEX,01/01/26,745920,2479680,201600
NOKANDO2,LUL1,01/01/26,0,93240,0
NOKANDO2,FRM1,01/01/26,28980,20160,0
NOKANDO2,DEW1,01/01/26,743400,262080,20160
NOKANDO2,DEF2,01/01/26,423360,100800,0
NOKANDO2,LUEX,02/01/26,0,0,0
NOKANDO2,BEEX,02/01/26,0,181440,4878720
NOKANDO2,FRM1,02/01/26,0,0,0
NOKANDO2,DEW1,02/01/26,0,0,0
NOKANDO2,DEF2,02/01/26,0,100800,100800
NOKANDO2,LUL1,02/01/26,0,0,0
NOKANDO2,SIS1,02/01/26,0,302400,423360
NOKANDO2,DEH1,02/01/26,0,0,0
NOKANDO2,SIS1,03/01/26,0,0,806400
NOKANDO2,LUL1,03/01/26,0,0,0
NOKANDO2,DEF2,03/01/26,0,0,0
NOKANDO2,FRM1,03/01/26,0,0,0
NOKANDO2,DEW1,03/01/26,0,0,0
NOKANDO2,LUEX,03/01/26,0,0,0
NOKANDO2,BEEX,03/01/26,0,0,13224960
NOKANDO2,DEH1,03/01/26,0,0,0
NOKANDO2,DEH1,04/01/26,0,0,0
NOKANDO2,LUL1,04/01/26,0,0,0
NOKANDO2,DEF2,04/01/26,0,0,201600
NOKANDO2,BEEX,04/01/26,0,0,5523840
NOKANDO2,FRM1,04/01/26,0,0,0
NOKANDO2,DEW1,04/01/26,0,0,0
NOKANDO2,SIS1,04/01/26,0,0,1713600
NOKANDO2,LUEX,04/01/26,0,0,0
NOKANDO2,LUEX,05/01/26,0,0,0
NOKANDO2,BEEX,05/01/26,0,0,4717440
NOKANDO2,DEH1,05/01/26,0,0,0
NOKANDO2,DEF2,05/01/26,0,0,0
NOKANDO2,FRM1,05/01/26,0,0,0
NOKANDO2,DEW1,05/01/26,0,0,0
NOKANDO2,SIS1,05/01/26,0,0,1209600
NOKANDO2,LUL1,05/01/26,0,0,0
NOKANDO2,SIS1,06/01/26,0,0,806400
NOKANDO2,DEF2,06/01/26,0,0,0
NOKANDO2,BEEX,06/01/26,0,0,2721600
NOKANDO2,LUEX,06/01/26,0,0,0
NOKANDO2,FRM1,06/01/26,0,0,0
NOKANDO2,DEW1,06/01/26,0,0,0
NOKANDO2,LUL1,06/01/26,0,0,0
NOKANDO2,DEH1,06/01/26,0,0,0
NOKANDO2,FRM1,07/01/26,0,0,0
NOKANDO2,DEH1,07/01/26,0,0,0
NOKANDO2,BEEX,07/01/26,0,0,0
NOKANDO2,SIS1,07/01/26,0,0,0
NOKANDO2,LUEX,07/01/26,0,0,0
NOKANDO2,DEF2,07/01/26,0,0,0
NOKANDO2,DEW1,07/01/26,0,0,0
NOKANDO2,LUL1,07/01/26,0,0,0
NOKANDO2,DEH1,08/01/26,0,0,0
NOKANDO2,LUEX,08/01/26,0,0,0
NOKANDO2,FRM1,08/01/26,0,0,0
NOKANDO2,LUL1,08/01/26,0,0,0
NOKANDO2,DEF2,08/01/26,0,0,0
NOKANDO2,SIS1,08/01/26,0,0,0
NOKANDO2,BEEX,08/01/26,0,0,0
NOKANDO2,DEW1,08/01/26,0,0,0
NOKANDO2,DEF2,09/01/26,0,0,0
NOKANDO2,LUEX,09/01/26,0,0,0
NOKANDO2,DEH1,09/01/26,0,0,0
NOKANDO2,FRM1,09/01/26,0,0,0
NOKANDO2,LUL1,09/01/26,0,0,0
NOKANDO2,DEW1,09/01/26,0,0,0
NOKANDO2,SIS1,09/01/26,0,0,0
NOKANDO2,BEEX,09/01/26,0,0,0
NOKANDO2,FRM1,10/01/26,0,0,0
NOKANDO2,LUL1,10/01/26,0,0,0
NOKANDO2,BEEX,10/01/26,0,0,0
NOKANDO2,DEW1,10/01/26,0,0,0
NOKANDO2,LUEX,10/01/26,0,0,0
NOKANDO2,SIS1,10/01/26,0,0,0
NOKANDO2,DEF2,10/01/26,0,0,0
NOKANDO2,DEH1,10/01/26,0,0,0
NOKANDO4,LUL1,02/01/25,0,0,0
NOKANDO4,BEEX,02/01/25,0,0,0
NOKANDO4,TRTU,02/01/25,220570,0,0
NOKANDO4,ZASA,02/01/25,286020,0,0
NOKANDO4,FRM1,02/01/25,49140,0,0
NOKANDO4,TRTZ,02/01/25,22890,0,0
NOKANDO4,LUEX,02/01/25,138600,0,0
NOKANDO4,SIS1,02/01/25,60480,0,0
NOKANDO4,DEF1,02/01/25,57960,0,0
NOKANDO4,RSKR,02/01/25,153720,0,0
NOKANDO4,PLPL,02/01/25,240205,0,0
NOKANDO4,DEW1,03/01/25,403200,0,0
NOKANDO4,PLPL,03/01/25,99085,20160,0
NOKANDO4,TRTU,03/01/25,60095,0,0
NOKANDO4,FRM1,03/01/25,39060,0,0
NOKANDO4,SIS1,03/01/25,20160,0,0
NOKANDO4,TRTZ,03/01/25,153720,0,0
NOKANDO4,ZASA,03/01/25,254520,0,0
NOKANDO4,DEF1,03/01/25,60480,0,0
NOKANDO4,BEEX,03/01/25,221760,0,0
NOKANDO4,RSKR,03/01/25,153720,0,0
NOKANDO4,LUEX,03/01/25,378000,0,0
NOKANDO4,RSKR,04/01/25,112140,0,0
NOKANDO4,ZASA,04/01/25,279720,0,0
NOKANDO4,FRM1,04/01/25,39060,0,0
NOKANDO4,PLPL,04/01/25,140665,0,0
NOKANDO4,SIS1,04/01/25,241380,0,0
NOKANDO4,DEW1,04/01/25,126000,0,0
NOKANDO4,TRTU,04/01/25,0,0,0
NOKANDO4,TRTZ,04/01/25,147000,0,0
NOKANDO4,BEEX,04/01/25,0,100800,0
NOKANDO4,DEF1,04/01/25,25200,0,0
NOKANDO4,LUEX,04/01/25,679140,0,0
NOKANDO4,TRTZ,05/01/25,70980,0,0
NOKANDO4,DEW1,05/01/25,264600,0,0
NOKANDO4,BEEX,05/01/25,0,0,0
NOKANDO4,DEF1,05/01/25,27720,0,0
NOKANDO4,RSKR,05/01/25,167580,0,0
NOKANDO4,FRM1,05/01/25,0,0,0
NOKANDO4,ZASA,05/01/25,234220,0,0
NOKANDO4,SIS1,05/01/25,395840,0,0
NOKANDO4,PLPL,05/01/25,95305,0,0
NOKANDO4,LUEX,05/01/25,236880,0,0
NOKANDO4,BEEX,06/01/25,20160,0,0
NOKANDO4,DEW1,06/01/25,55424,0,0
NOKANDO4,ZASA,06/01/25,211680,0,0
NOKANDO4,PLPL,06/01/25,50400,0,0
NOKANDO4,LUEX,06/01/25,55440,0,0
NOKANDO4,RSKR,06/01/25,84420,0,0
NOKANDO4,DEF1,06/01/25,47880,0,0
NOKANDO4,SIS1,06/01/25,237720,0,0
NOKANDO4,TRTZ,06/01/25,73080,0,0
NOKANDO4,TRTZ,07/01/25,85680,0,0
NOKANDO4,LUEX,07/01/25,541800,0,0
NOKANDO4,SIS1,07/01/25,196560,0,0
NOKANDO4,DEF1,07/01/25,5040,0,0
NOKANDO4,RSKR,07/01/25,124740,0,0
NOKANDO4,ZASA,07/01/25,189000,0,0
NOKANDO4,DEW1,07/01/25,458640,0,0
NOKANDO4,BEEX,07/01/25,0,60480,0
NOKANDO4,PLPL,07/01/25,279720,0,0
NOKANDO4,TRTZ,08/01/25,264180,0,0
NOKANDO4,BEEX,08/01/25,0,0,0
NOKANDO4,SIS1,08/01/25,115920,0,0
NOKANDO4,DEF1,08/01/25,0,0,0
NOKANDO4,PLPL,08/01/25,141120,0,20160
NOKANDO4,ZASA,08/01/25,189000,0,0
NOKANDO4,DEW1,08/01/25,88200,0,0
NOKANDO4,RSKR,08/01/25,117180,0,0
NOKANDO4,LUEX,08/01/25,617400,0,0
NOKANDO4,BEEX,09/01/25,302400,0,0
NOKANDO4,DEW1,09/01/25,171360,0,0
NOKANDO4,ZASA,09/01/25,189000,0,0
NOKANDO4,SIS1,09/01/25,73920,0,0
NOKANDO4,RSKR,09/01/25,170100,0,0
NOKANDO4,TRTZ,09/01/25,269010,0,0
NOKANDO4,PLPL,09/01/25,120960,0,0
NOKANDO4,DEF1,09/01/25,22680,0,0
NOKANDO4,LUEX,09/01/25,527940,0,0
NOKANDO4,RSKR,10/01/25,289800,0,0
NOKANDO4,DEF1,10/01/25,0,0,0
NOKANDO4,SIS1,10/01/25,69720,0,0
NOKANDO4,LUEX,10/01/25,176400,0,0
NOKANDO4,BEEX,10/01/25,20160,0,0
NOKANDO4,ZASA,10/01/25,197820,0,100800
NOKANDO4,PLPL,10/01/25,82152,0,100800
NOKANDO4,TRTZ,10/01/25,221760,0,0
NOKANDO4,DEW1,10/01/25,244440,0,0
NOKANDO4,BEEX,11/01/25,40320,0,0
NOKANDO4,PLPL,11/01/25,172657,0,0
NOKANDO4,LUEX,11/01/25,98280,0,0
NOKANDO4,TRTZ,11/01/25,265650,0,0
NOKANDO4,DEW1,11/01/25,158760,0,0
NOKANDO4,RSKR,11/01/25,137340,0,0
NOKANDO4,SIS1,11/01/25,121800,0,0
NOKANDO4,ZASA,11/01/25,197820,0,0
NOKANDO4,SIS1,12/01/25,69720,0,0
NOKANDO4,PLPL,12/01/25,121968,0,40320
NOKANDO4,ZASA,12/01/25,35280,0,0
NOKANDO4,RSKR,12/01/25,120960,0,0
NOKANDO4,DEW1,12/01/25,80640,0,0
NOKANDO4,LUEX,12/01/25,0,0,0
NOKANDO4,TRTZ,12/01/25,237300,0,0
NOKANDO4,BEEX,12/01/25,100800,0,0
NOKANDO4,DEW1,01/01/26,205380,181440,60480
NOKANDO4,BEEX,01/01/26,262080,201600,0
NOKANDO4,LUEX,01/01/26,0,60480,40320
NOKANDO4,SIS1,01/01/26,84000,80640,201600
NOKANDO4,TRTZ,01/01/26,76650,0,0
NOKANDO4,PLPL,01/01/26,385641,0,100800
NOKANDO4,ZASA,01/01/26,15120,0,0
NOKANDO4,TRTU,01/01/26,0,0,0
NOKANDO4,FRM1,01/01/26,0,0,0
NOKANDO4,DEF1,01/01/26,0,0,0
NOKANDO4,LUL1,01/01/26,0,0,0
NOKANDO4,RSKR,01/01/26,95760,100800,0
NOKANDO4,TRTZ,02/01/26,0,201600,201600
NOKANDO4,BEEX,02/01/26,0,383040,604800
NOKANDO4,PLPL,02/01/26,0,0,0
NOKANDO4,SIS1,02/01/26,0,322560,201600
NOKANDO4,DEW1,02/01/26,0,0,0
NOKANDO4,RSKR,02/01/26,0,100800,0
NOKANDO4,LUEX,02/01/26,0,0,20160
NOKANDO4,DEW1,03/01/26,0,0,0
NOKANDO4,DEF1,03/01/26,0,0,0
NOKANDO4,SIS1,03/01/26,0,0,504000
NOKANDO4,TRTZ,03/01/26,0,0,403200
NOKANDO4,LUEX,03/01/26,0,0,0
NOKANDO4,BEEX,03/01/26,0,0,504000
NOKANDO4,PLPL,03/01/26,0,0,0
NOKANDO4,RSKR,03/01/26,0,40320,100800
NOKANDO4,BEEX,04/01/26,0,0,302400
NOKANDO4,DEF1,04/01/26,0,0,0
NOKANDO4,DEW1,04/01/26,0,0,0
NOKANDO4,RSKR,04/01/26,0,0,100800
NOKANDO4,TRTZ,04/01/26,0,0,221760
NOKANDO4,ZASA,04/01/26,0,0,0
NOKANDO4,SIS1,04/01/26,0,0,604800
NOKANDO4,PLPL,04/01/26,0,0,0
NOKANDO4,RSKR,05/01/26,0,0,0
NOKANDO4,SIS1,05/01/26,0,0,302400
NOKANDO4,DEF1,05/01/26,0,0,0
NOKANDO4,TRTZ,05/01/26,0,0,100800
NOKANDO4,PLPL,05/01/26,0,0,0
NOKANDO4,DEW1,05/01/26,0,0,0
NOKANDO4,BEEX,05/01/26,0,0,100800
NOKANDO4,ZASA,05/01/26,0,0,0
NOKANDO4,DEF1,06/01/26,0,0,0
NOKANDO4,RSKR,06/01/26,0,0,0
NOKANDO4,TRTZ,06/01/26,0,0,100800
NOKANDO4,DEW1,06/01/26,0,0,0
NOKANDO4,BEEX,06/01/26,0,0,0
NOKANDO4,SIS1,06/01/26,0,0,0
NOKANDO4,PLPL,06/01/26,0,0,0
NOKANDO4,ZASA,06/01/26,0,0,0
NOKANDO4,SIS1,07/01/26,0,0,0
NOKANDO4,BEEX,07/01/26,0,0,0
NOKANDO4,DEW1,07/01/26,0,0,0
NOKANDO4,RSKR,07/01/26,0,0,0
NOKANDO4,DEF1,07/01/26,0,0,0
NOKANDO4,PLPL,07/01/26,0,0,0
NOKANDO4,TRTZ,07/01/26,0,0,0
NOKANDO4,SIS1,08/01/26,0,0,0
NOKANDO4,DEW1,08/01/26,0,0,0
NOKANDO4,TRTZ,08/01/26,0,0,0
NOKANDO4,BEEX,08/01/26,0,0,0
NOKANDO4,PLPL,08/01/26,0,0,0
NOKANDO4,RSKR,08/01/26,0,0,0
NOKANDO4,DEF1,08/01/26,0,0,0
NOKANDO4,DEW1,09/01/26,0,0,0
NOKANDO4,RSKR,09/01/26,0,0,0
NOKANDO4,DEF1,09/01/26,0,0,0
NOKANDO4,BEEX,09/01/26,0,0,0
NOKANDO4,SIS1,09/01/26,0,0,0
NOKANDO4,PLPL,09/01/26,0,0,0
NOKANDO4,TRTZ,09/01/26,0,0,0
NOKANDO4,DEF1,10/01/26,0,0,0
NOKANDO4,RSKR,10/01/26,0,0,0
NOKANDO4,PLPL,10/01/26,0,0,0
NOKANDO4,TRTZ,10/01/26,0,0,0
NOKANDO4,SIS1,10/01/26,0,0,0
NOKANDO4,BEEX,10/01/26,0,0,0
NOKANDO4,DEW1,10/01/26,0,0,0
NOKANDO6,LUEX,02/01/25,44100,0,0
NOKANDO6,LUL1,02/01/25,0,0,0
NOKANDO6,SIS1,03/01/25,16800,0,0
NOKANDO6,DEW1,03/01/25,0,0,0
NOKANDO6,LUEX,03/01/25,60480,0,0
NOKANDO6,BEEX,03/01/25,0,0,0
NOKANDO6,LUL1,03/01/25,0,0,0
NOKANDO6,LUEX,04/01/25,25200,0,0
NOKANDO6,SIS1,04/01/25,13440,0,0
NOKANDO6,BEEX,04/01/25,0,0,0
NOKANDO6,LUL1,04/01/25,0,0,0
NOKANDO6,DEW1,04/01/25,0,0,0
NOKANDO6,LUEX,05/01/25,79380,0,0
NOKANDO6,LUL1,05/01/25,0,0,0
NOKANDO6,SIS1,05/01/25,13100,0,0
NOKANDO6,BEEX,05/01/25,0,0,0
NOKANDO6,DEW1,05/01/25,0,0,0
NOKANDO6,BEEX,06/01/25,0,0,0
NOKANDO6,LUL1,06/01/25,0,0,0
NOKANDO6,DEW1,06/01/25,0,0,0
NOKANDO6,LUEX,06/01/25,105840,0,0
NOKANDO6,SIS1,06/01/25,11420,0,0
NOKANDO6,LUL1,07/01/25,0,0,0
NOKANDO6,LUEX,07/01/25,103320,0,0
NOKANDO6,BEEX,07/01/25,0,0,0
NOKANDO6,DEW1,07/01/25,0,0,0
NOKANDO6,SIS1,07/01/25,11420,0,0
NOKANDO6,BEEX,08/01/25,201600,0,0
NOKANDO6,LUL1,08/01/25,0,0,0
NOKANDO6,DEW1,08/01/25,0,0,0
NOKANDO6,SIS1,08/01/25,9240,0,0
NOKANDO6,LUEX,08/01/25,355320,0,0
NOKANDO6,SIS1,09/01/25,7140,0,0
NOKANDO6,DEW1,09/01/25,0,0,0
NOKANDO6,LUL1,09/01/25,0,0,0
NOKANDO6,LUEX,09/01/25,90720,0,0
NOKANDO6,BEEX,09/01/25,282240,0,0
NOKANDO6,LUEX,10/01/25,462420,0,0
NOKANDO6,SIS1,10/01/25,7140,0,0
NOKANDO6,DEW1,10/01/25,0,0,0
NOKANDO6,BEEX,10/01/25,120960,0,0
NOKANDO6,LUL1,10/01/25,0,0,0
NOKANDO6,LUL1,11/01/25,0,20160,0
NOKANDO6,BEEX,11/01/25,120960,0,0
NOKANDO6,DEW1,11/01/25,0,0,6500
NOKANDO6,SIS1,11/01/25,20220,0,0
NOKANDO6,LUEX,11/01/25,412020,0,0
NOKANDO6,LUEX,12/01/25,205380,0,0
NOKANDO6,DEW1,12/01/25,0,0,0
NOKANDO6,LUL1,12/01/25,0,0,0
NOKANDO6,SIS1,12/01/25,20160,0,0
NOKANDO6,BEEX,12/01/25,302400,0,0
NOKANDO6,DEW1,01/01/26,0,0,0
NOKANDO6,LUL1,01/01/26,0,0,0
NOKANDO6,SIS1,01/01/26,20160,0,0
NOKANDO6,BEEX,01/01/26,322560,100800,0
NOKANDO6,LUEX,01/01/26,240660,60480,0
NOKANDO6,BEEX,02/01/26,0,0,161280
NOKANDO6,LUL1,02/01/26,0,0,0
NOKANDO6,LUEX,02/01/26,0,0,0
NOKANDO6,DEW1,02/01/26,0,0,0
NOKANDO6,LUL1,03/01/26,0,0,0
NOKANDO6,LUEX,03/01/26,0,0,0
NOKANDO6,BEEX,03/01/26,0,0,443520
NOKANDO6,DEW1,03/01/26,0,0,0
NOKANDO6,LUL1,04/01/26,0,0,0
NOKANDO6,BEEX,04/01/26,0,0,504000
NOKANDO6,LUEX,04/01/26,0,0,0
NOKANDO6,DEW1,04/01/26,0,0,0
NOKANDO6,LUEX,05/01/26,0,0,0
NOKANDO6,DEW1,05/01/26,0,0,0
NOKANDO6,BEEX,05/01/26,0,0,302400
NOKANDO6,LUL1,05/01/26,0,0,0
NOKANDO6,DEW1,06/01/26,0,0,0
NOKANDO6,LUEX,06/01/26,0,0,0
NOKANDO6,BEEX,06/01/26,0,0,201600
NOKANDO6,LUL1,06/01/26,0,0,0
NOKANDO6,LUL1,07/01/26,0,0,0
NOKANDO6,DEW1,07/01/26,0,0,0
NOKANDO6,LUEX,07/01/26,0,0,0
NOKANDO6,BEEX,07/01/26,0,0,0
NOKANDO6,LUL1,08/01/26,0,0,0
NOKANDO6,BEEX,08/01/26,0,0,0
NOKANDO6,DEW1,08/01/26,0,0,0
NOKANDO6,LUEX,08/01/26,0,0,0
NOKANDO6,BEEX,09/01/26,0,0,0
NOKANDO6,LUEX,09/01/26,0,0,0
NOKANDO6,LUL1,09/01/26,0,0,0
NOKANDO6,DEW1,09/01/26,0,0,0
NOKANDO6,LUEX,10/01/26,0,0,0
NOKANDO6,BEEX,10/01/26,0,0,0
NOKANDO6,LUL1,10/01/26,0,0,0
NOKANDO6,DEW1,10/01/26,0,0,0
